ehr_name,relevance,accuracy,precision,recall,f1,num_records,support,group_count
EPIC,zoverall,0.005096623486939902,0.018943873295053138,0.005096623486939902,0.0064147364600166115,4672547,4709,950
EPIC,relevant,0.005096623486939902,0.018943873295053138,0.005096623486939902,0.0064147364600166115,4672547,4709,950
HIX,zoverall,0.0030381944444444445,0.05912521220066647,0.0030381944444444445,0.004184425036869701,12312140,11520,1042
HIX,relevant,0.0030381944444444445,0.05912521220066647,0.0030381944444444445,0.004184425036869701,12312140,11520,1042
MV,zoverall,0.0067839195979899495,0.01860640098890173,0.0067839195979899495,0.008175863165828473,147359129,3980,909
MV,relevant,0.0067839195979899495,0.01860640098890173,0.0067839195979899495,0.008175863165828473,147359129,3980,909
