ehr_name,relevance,accuracy,precision,recall,f1,num_records,support,group_count
EPIC,zoverall,0.07554071246819338,0.1415177453606067,0.07554071246819338,0.0862240410511244,5791044,6288,1058
EPIC,relevant,0.07554071246819338,0.1415177453606067,0.07554071246819338,0.0862240410511244,5791044,6288,1058
HIX,zoverall,0.05030406486717166,0.11261710348859204,0.05030406486717166,0.05252484556819933,14010812,18746,1093
HIX,relevant,0.05030406486717166,0.11261710348859204,0.05030406486717166,0.05252484556819933,14010812,18746,1093
MV,zoverall,0.07311375846764774,0.1411521190070162,0.07311375846764774,0.07813710034505914,151893317,4281,929
MV,relevant,0.07311375846764774,0.1411521190070162,0.07311375846764774,0.07813710034505914,151893317,4281,929
