ehr_name,relevance,accuracy,precision,recall,f1,num_records,support,group_count
EPIC,zoverall,0.6258439315434134,0.6259063639843049,0.6258439315434134,0.6000223517161513,5797728,6369,1058
EPIC,relevant,0.6258439315434134,0.6259063639843049,0.6258439315434134,0.6000223517161513,5797728,6369,1058
HIX,zoverall,0.7898654892699456,0.8209181673718513,0.7898654892699456,0.7756819271511135,14206473,19478,1093
HIX,relevant,0.7898654892699456,0.8209181673718513,0.7898654892699456,0.7756819271511135,14206473,19478,1093
MV,zoverall,0.5758564437194127,0.6380752459701504,0.5758564437194127,0.5728500541480804,152008411,4291,929
MV,relevant,0.5758564437194127,0.6380752459701504,0.5758564437194127,0.5728500541480804,152008411,4291,929
