ehr_name,relevance,accuracy,precision,recall,f1,num_records,support,group_count
EPIC,overall,0.02465708687132593,0.05943250315823967,0.02465708687132593,0.030290216762365683,5709050,6124,1057
EPIC,relevant,0.02465708687132593,0.05943250315823967,0.02465708687132593,0.030290216762365683,5709050,6124,1057
HIX,overall,0.0158298877731837,0.06183692680642549,0.0158298877731837,0.016830001352061884,13575449,16930,1093
HIX,relevant,0.0158298877731837,0.06183692680642549,0.0158298877731837,0.016830001352061884,13575449,16930,1093
MV,overall,0.03088441740758072,0.0581522807128491,0.03088441740758072,0.03231382922849148,150954818,4274,927
MV,relevant,0.03088441740758072,0.0581522807128491,0.03088441740758072,0.03231382922849148,150954818,4274,927
