ehr_name,relevance,accuracy,precision,recall,f1,num_records,support,group_count
EPIC,overall,0.0007970244420828905,0.00030109812256464753,0.0007970244420828905,0.00042065178887708114,3519337,3764,847
EPIC,relevant,0.0007970244420828905,0.00030109812256464753,0.0007970244420828905,0.00042065178887708114,3519337,3764,847
HIX,overall,0.0011800042909246942,0.02916331979393776,0.0011800042909246942,0.0016347880458911128,11665371,9322,989
HIX,relevant,0.0011800042909246942,0.02916331979393776,0.0011800042909246942,0.0016347880458911128,11665371,9322,989
MV,overall,0.0016198704103671706,0.0046800021688641474,0.0016198704103671706,0.0017065246580729354,144616611,3704,882
MV,relevant,0.0016198704103671706,0.0046800021688641474,0.0016198704103671706,0.0017065246580729354,144616611,3704,882
