ehr_name,relevance,accuracy,precision,recall,f1,num_records,support,group_count
EPIC,zoverall,0.002360717658168083,0.00452682743759231,0.002360717658168083,0.002224557728687322,4205092,4236,900
EPIC,relevant,0.002360717658168083,0.00452682743759231,0.002360717658168083,0.002224557728687322,4205092,4236,900
HIX,zoverall,0.0012408132098883269,0.02112330102067471,0.0012408132098883269,0.0013842944572787072,11953565,10477,1014
HIX,relevant,0.0012408132098883269,0.02112330102067471,0.0012408132098883269,0.0013842944572787072,11953565,10477,1014
MV,zoverall,0.0026034886748242643,0.00815904423037982,0.0026034886748242643,0.002596590793731484,146441133,3841,898
MV,relevant,0.0026034886748242643,0.00815904423037982,0.0026034886748242643,0.002596590793731484,146441133,3841,898
