ehr_name,relevance,accuracy,precision,recall,f1,num_records,support,group_count
EPIC,zoverall,0.006000774293457221,0.03011298343760597,0.006000774293457221,0.009202264262362519,5228276,5166,992
EPIC,relevant,0.006000774293457221,0.03011298343760597,0.006000774293457221,0.009202264262362519,5228276,5166,992
HIX,zoverall,0.0018799937333542221,0.02047162555616343,0.0018799937333542221,0.0020614876698360806,12533254,12766,1063
HIX,relevant,0.0018799937333542221,0.02047162555616343,0.0018799937333542221,0.0020614876698360806,12533254,12766,1063
MV,zoverall,0.006128953174797744,0.01586406565568125,0.006128953174797744,0.007764590908110119,149282024,4079,915
MV,relevant,0.006128953174797744,0.01586406565568125,0.006128953174797744,0.007764590908110119,149282024,4079,915
