ehr_name,relevance,accuracy,precision,recall,f1,num_records,support,group_count
EPIC,overall,0.012876990850559133,0.0404875657720229,0.012876990850559133,0.01664525279797213,5664740,5902,1048
EPIC,relevant,0.012876990850559133,0.0404875657720229,0.012876990850559133,0.01664525279797213,5664740,5902,1048
HIX,overall,0.010612670095709357,0.07155623697303878,0.010612670095709357,0.013348774456806892,13299117,15359,1090
HIX,relevant,0.010612670095709357,0.07155623697303878,0.010612670095709357,0.013348774456806892,13299117,15359,1090
MV,overall,0.01882795951988703,0.04193910517928236,0.01882795951988703,0.02039202176516743,150929044,4249,927
MV,relevant,0.01882795951988703,0.04193910517928236,0.01882795951988703,0.02039202176516743,150929044,4249,927
