ehr_name,relevance,accuracy,precision,recall,f1,num_records,support,group_count
EPIC,zoverall,0.0014970059880239522,0.0011427145708582836,0.0014970059880239522,0.0009547338888656252,2880061,3340,774
EPIC,relevant,0.0014970059880239522,0.0011427145708582836,0.0014970059880239522,0.0009547338888656252,2880061,3340,774
HIX,zoverall,0.00047568081817100726,0.002362892759827721,0.00047568081817100726,0.0006556743835738933,10266859,8409,956
HIX,relevant,0.00047568081817100726,0.002362892759827721,0.00047568081817100726,0.0006556743835738933,10266859,8409,956
MV,zoverall,0.0014064697609001407,0.0031364275668073135,0.0014064697609001407,0.0017279485633916014,141932714,3555,867
MV,relevant,0.0014064697609001407,0.0031364275668073135,0.0014064697609001407,0.0017279485633916014,141932714,3555,867
