ehr_name,relevance,accuracy,precision,recall,f1,num_records,support,group_count
EPIC,overall,0.010052055286304075,0.03024472884448531,0.010052055286304075,0.013009400908077878,5462755,5571,1027
EPIC,relevant,0.010052055286304075,0.03024472884448531,0.010052055286304075,0.013009400908077878,5462755,5571,1027
HIX,overall,0.00619525742362743,0.08084728455012292,0.00619525742362743,0.008362441512466172,12995191,14043,1079
HIX,relevant,0.00619525742362743,0.08084728455012292,0.00619525742362743,0.008362441512466172,12995191,14043,1079
MV,overall,0.011480507055728294,0.03148865339130826,0.011480507055728294,0.014603098292413188,149458274,4181,925
MV,relevant,0.011480507055728294,0.03148865339130826,0.011480507055728294,0.014603098292413188,149458274,4181,925
