ehr_name,relevance,accuracy,precision,recall,f1,num_records,support,group_count
EPIC,zoverall,0.0012372409526755336,0.0023456026394473657,0.0012372409526755336,0.0012372409526755336,4515326,3233,882
EPIC,relevant,0.0012372409526755336,0.0023456026394473657,0.0012372409526755336,0.0012372409526755336,4515326,3233,882
HIX,zoverall,0.0,0.0,0.0,0.0,541466,917,494
HIX,relevant,0.0,0.0,0.0,0.0,541466,917,494
MV,zoverall,0.003601440576230492,0.0032012805122048817,0.003601440576230492,0.003361344537815126,52701363,833,481
MV,relevant,0.003601440576230492,0.0032012805122048817,0.003601440576230492,0.003361344537815126,52701363,833,481
