ehr_name,relevance,accuracy,precision,recall,f1,num_records,support,group_count
EPIC,zoverall,0.012319355602937692,0.019465449406614897,0.012319355602937692,0.011613831670043508,5027332,4221,915
EPIC,relevant,0.012319355602937692,0.019465449406614897,0.012319355602937692,0.011613831670043508,5027332,4221,915
HIX,zoverall,0.005767844268204758,0.01988388418775851,0.005767844268204758,0.0068558545744661714,661505,1387,542
HIX,relevant,0.005767844268204758,0.01988388418775851,0.005767844268204758,0.0068558545744661714,661505,1387,542
MV,zoverall,0.01738122827346466,0.025318655851680184,0.01738122827346466,0.017521446585586728,54835244,863,486
MV,relevant,0.01738122827346466,0.025318655851680184,0.01738122827346466,0.017521446585586728,54835244,863,486
