ehr_name,relevance,accuracy,precision,recall,f1,num_records,support,group_count
EPIC,zoverall,0.004235044997353097,0.011034221126248274,0.004235044997353097,0.004205600115554791,4716568,3778,906
EPIC,relevant,0.004235044997353097,0.011034221126248274,0.004235044997353097,0.004205600115554791,4716568,3778,906
HIX,zoverall,0.0,0.0,0.0,0.0,601113,1076,527
HIX,relevant,0.0,0.0,0.0,0.0,601113,1076,527
MV,zoverall,0.004672897196261682,0.017133956386292837,0.004672897196261682,0.006438213914849429,53510941,856,485
MV,relevant,0.004672897196261682,0.017133956386292837,0.004672897196261682,0.006438213914849429,53510941,856,485
