ehr_name,relevance,accuracy,precision,recall,f1,num_records,support,group_count
EPIC,overall,0.023992546005124623,0.03928877873314722,0.023992546005124623,0.024094513131250453,5033773,4293,915
EPIC,relevant,0.023992546005124623,0.03928877873314722,0.023992546005124623,0.024094513131250453,5033773,4293,915
HIX,overall,0.012048192771084338,0.015134857224956753,0.012048192771084338,0.011697771478069139,675003,1494,543
HIX,relevant,0.012048192771084338,0.015134857224956753,0.012048192771084338,0.011697771478069139,675003,1494,543
MV,overall,0.028935185185185185,0.05325360082304527,0.028935185185185185,0.03375771604938271,54835279,864,487
MV,relevant,0.028935185185185185,0.05325360082304527,0.028935185185185185,0.03375771604938271,54835279,864,487
