ehr_name,relevance,accuracy,precision,recall,f1,num_records,support,group_count
EPIC,overall,0.07030889810972799,0.11831009342108081,0.07030889810972799,0.0690965337977848,5109881,4338,915
EPIC,relevant,0.07030889810972799,0.11831009342108081,0.07030889810972799,0.0690965337977848,5109881,4338,915
HIX,overall,0.028093245666467422,0.02455361662328676,0.028093245666467422,0.02390868920820905,713881,1673,543
HIX,relevant,0.028093245666467422,0.02455361662328676,0.028093245666467422,0.02390868920820905,713881,1673,543
MV,overall,0.11431870669745958,0.1416969097107665,0.11431870669745958,0.11438167939322674,54835687,866,487
MV,relevant,0.11431870669745958,0.1416969097107665,0.11431870669745958,0.11438167939322674,54835687,866,487
