ehr_name,relevance,accuracy,precision,recall,f1,num_records,support,group_count
EPIC,overall,0.006094588005850805,0.013286903098355793,0.006094588005850805,0.006372017962962046,4917686,4102,915
EPIC,relevant,0.006094588005850805,0.013286903098355793,0.006094588005850805,0.006372017962962046,4917686,4102,915
HIX,overall,0.0,0.0,0.0,0.0,640144,1247,541
HIX,relevant,0.0,0.0,0.0,0.0,640144,1247,541
MV,overall,0.015081206496519721,0.03538283062645012,0.015081206496519721,0.016752292564357528,54834132,862,486
MV,relevant,0.015081206496519721,0.03538283062645012,0.015081206496519721,0.016752292564357528,54834132,862,486
