ehr_name,relevance,accuracy,precision,recall,f1,num_records,support,group_count
EPIC,zoverall,0.003878116343490305,0.006633029943279251,0.003878116343490305,0.004253396649518533,4659082,3610,903
EPIC,relevant,0.003878116343490305,0.006633029943279251,0.003878116343490305,0.004253396649518533,4659082,3610,903
HIX,zoverall,0.0,0.0,0.0,0.0,592987,1016,523
HIX,relevant,0.0,0.0,0.0,0.0,592987,1016,523
MV,zoverall,0.005889281507656066,0.016489988221436984,0.005889281507656066,0.00800942285041225,53499760,849,484
MV,relevant,0.005889281507656066,0.016489988221436984,0.005889281507656066,0.00800942285041225,53499760,849,484
