ehr_name,relevance,accuracy,precision,recall,f1,num_records,support,group_count
EPIC,zoverall,0.002037252619324796,0.005529685681024447,0.002037252619324796,0.002591838054585435,4582149,3436,892
EPIC,relevant,0.002037252619324796,0.005529685681024447,0.002037252619324796,0.002591838054585435,4582149,3436,892
HIX,zoverall,0.0031282586027111575,0.0036496350364963502,0.0031282586027111575,0.003336809176225235,554016,959,511
HIX,relevant,0.0031282586027111575,0.0036496350364963502,0.0031282586027111575,0.003336809176225235,554016,959,511
MV,zoverall,0.002372479240806643,0.009885330170027679,0.002372479240806643,0.002701990246474232,53484133,843,483
MV,relevant,0.002372479240806643,0.009885330170027679,0.002372479240806643,0.002701990246474232,53484133,843,483
