ehr_name,relevance,accuracy,precision,recall,f1,num_records,support,group_count
EPIC,zoverall,0.8184119677790563,0.8061153391475064,0.8184119677790563,0.7997255937584843,5110208,4345,915
EPIC,relevant,0.8184119677790563,0.8061153391475064,0.8184119677790563,0.7997255937584843,5110208,4345,915
HIX,zoverall,0.9339460080413555,0.9304657235884897,0.9339460080413555,0.9275711795841798,727945,1741,543
HIX,relevant,0.9339460080413555,0.9304657235884897,0.9339460080413555,0.9275711795841798,727945,1741,543
MV,zoverall,0.7185697808535179,0.7472141329356881,0.7185697808535179,0.7034788631470903,54843917,867,487
MV,relevant,0.7185697808535179,0.7472141329356881,0.7185697808535179,0.7034788631470903,54843917,867,487
