ehr_name,relevance,accuracy,precision,recall,f1,num_records,support,group_count
EPIC,overall,0.003299492385786802,0.006189206279142275,0.003299492385786802,0.002949973859815769,4784722,3940,913
EPIC,relevant,0.003299492385786802,0.006189206279142275,0.003299492385786802,0.002949973859815769,4784722,3940,913
HIX,overall,0.005212858384013901,0.00570932108725332,0.005212858384013901,0.004681919104160634,625210,1151,537
HIX,relevant,0.005212858384013901,0.00570932108725332,0.005212858384013901,0.004681919104160634,625210,1151,537
MV,overall,0.006993006993006993,0.010392385392385392,0.006993006993006993,0.0076004803277530545,53512788,858,486
MV,relevant,0.006993006993006993,0.010392385392385392,0.006993006993006993,0.0076004803277530545,53512788,858,486
