,accuracy,precision,recall,f1,num_records,support,group_count
zoverall,0.026639730178568372,0.026333903393478016,0.026639730178568372,0.01766148034700194,215360980,58409,1458
relevant,0.07575462512171373,0.07488495439677008,0.07575462512171373,0.05022343746777198,151828515,20540,1457
irrelevant,0.0,0.0,0.0,0.0,63532465,37869,1
