ehr_name,relevance,accuracy,precision,recall,f1,num_records,support,group_count
EPIC,zoverall,0.10764019570944675,0.060181671896816634,0.10764019570944675,0.0682037987479471,32253194,26570,920
EPIC,relevant,0.5463228271251194,0.30544928792710946,0.5463228271251194,0.3461652211524268,5282966,5235,919
EPIC,irrelevant,0.0,0.0,0.0,0.0,26970228,21335,1
HIX,zoverall,0.40946584850618645,0.3695840513817549,0.40946584850618645,0.3463133716541889,4747049,19882,940
HIX,relevant,0.677006237006237,0.6110661213781331,0.677006237006237,0.5725906407674498,2792842,12025,939
HIX,irrelevant,0.0,0.0,0.0,0.0,1954207,7857,1
MV,zoverall,0.16847610745700928,0.1315818338204383,0.16847610745700928,0.13299866455726628,178430357,12619,920
MV,relevant,0.547655847501288,0.4277256983462419,0.547655847501288,0.4323313106770075,143763573,3882,919
MV,irrelevant,0.0,0.0,0.0,0.0,34666784,8737,1
