ehr_name,relevance,accuracy,precision,recall,f1,num_records,support,group_count
EPIC,overall,0.00032454887706088537,0.00024325847838466187,0.00032454887706088537,0.0001990833989291755,16596101,15406,679
EPIC,relevant,0.0017349063150589867,0.0013003609014552743,0.0017349063150589867,0.001064218891014184,2453363,2882,678
EPIC,irrelevant,0.0,0.0,0.0,0.0,14142738,12524,1
HIX,overall,0.00035829451809387314,0.0013137465663442015,0.00035829451809387314,0.0004884822777739451,3994532,11164,833
HIX,relevant,0.0007601672367920942,0.002787279868237679,0.0007601672367920942,0.0010363770712786627,2322322,5262,832
HIX,irrelevant,0.0,0.0,0.0,0.0,1672210,5902,1
MV,overall,0.00045020709526382135,0.0008684214518898473,0.00045020709526382135,0.0005124531197394281,167371666,11106,858
MV,relevant,0.0015581177937052041,0.003005512198407181,0.0015581177937052041,0.001773544514747924,134579459,3209,857
MV,irrelevant,0.0,0.0,0.0,0.0,32792207,7897,1
