ehr_name,relevance,accuracy,precision,recall,f1,num_records,support,group_count
EPIC,overall,0.00016973125884016973,4.5849482907474426e-05,0.00016973125884016973,7.021361476807022e-05,19382023,17675,746
EPIC,relevant,0.0009305210918114144,0.00025136154168412233,0.0009305210918114144,0.00038493351148438,3090388,3224,745
EPIC,irrelevant,0.0,0.0,0.0,0.0,16291635,14451,1
HIX,overall,0.0009256921652781284,0.019537951717432625,0.0009256921652781284,0.0011490669995546752,4077480,11883,865
HIX,relevant,0.0019014693171996544,0.040133013009205167,0.0019014693171996544,0.002360304780589145,2390096,5785,864
HIX,irrelevant,0.0,0.0,0.0,0.0,1687384,6098,1
MV,overall,0.0005235602094240838,0.0006644469821990633,0.0005235602094240838,0.0004463699117557706,170676063,11460,874
MV,relevant,0.0017899761336515514,0.00227164749880706,0.0017899761336515514,0.0015260737436518887,137238491,3352,873
MV,irrelevant,0.0,0.0,0.0,0.0,33437572,8108,1
