ehr_name,relevance,accuracy,precision,recall,f1,num_records,support,group_count
EPIC,overall,0.0029395838168175138,0.004626399038561193,0.0029395838168175138,0.0025168489545588195,31675712,25854,912
EPIC,relevant,0.015708970649028525,0.02472321635861122,0.015708970649028525,0.013449899311939587,5156504,4838,911
EPIC,irrelevant,0.0,0.0,0.0,0.0,26519208,21016,1
HIX,overall,0.009439670821735448,0.057698979257253244,0.009439670821735448,0.011320051801802284,4630319,16526,936
HIX,relevant,0.016950994241008367,0.10361114106328013,0.016950994241008367,0.020327629694293657,2747120,9203,935
HIX,irrelevant,0.0,0.0,0.0,0.0,1883199,7323,1
MV,overall,0.0058274127883771055,0.006522172914450799,0.0058274127883771055,0.004964955025743627,176965666,12527,919
MV,relevant,0.018980759230369213,0.02124369737371949,0.018980759230369213,0.016171604682134792,142798329,3846,918
MV,irrelevant,0.0,0.0,0.0,0.0,34167337,8681,1
