ehr_name,relevance,accuracy,precision,recall,f1,num_records,support,group_count
EPIC,overall,0.00107095046854083,0.001969613670561107,0.00107095046854083,0.0011179600083246163,27785800,22410,839
EPIC,relevant,0.006094464195022855,0.011208492218708585,0.006094464195022855,0.006361981662405955,4219663,3938,838
EPIC,irrelevant,0.0,0.0,0.0,0.0,23566137,18472,1
HIX,overall,0.0025778890771157104,0.03967221688037384,0.0025778890771157104,0.003400148953503091,4305838,13577,906
HIX,relevant,0.004992867332382311,0.07683733075389952,0.004992867332382311,0.006585424014509482,2560905,7010,905
HIX,irrelevant,0.0,0.0,0.0,0.0,1744933,6567,1
MV,overall,0.002243083824873307,0.0036371056965889574,0.002243083824873307,0.002122006724783975,173272490,12037,902
MV,relevant,0.007508342602892102,0.012174594346451968,0.007508342602892102,0.0071030575490057596,139242517,3596,901
MV,irrelevant,0.0,0.0,0.0,0.0,34029973,8441,1
