ehr_name,relevance,accuracy,precision,recall,f1,num_records,support,group_count
EPIC,zoverall,0.0022315202231520223,0.0028915853902454504,0.0022315202231520223,0.0019417365653543067,30890946,25095,897
EPIC,relevant,0.01220309435606886,0.015812668417565828,0.01220309435606886,0.010618409045013363,4957092,4589,896
EPIC,irrelevant,0.0,0.0,0.0,0.0,25933854,20506,1
HIX,zoverall,0.005565982784285807,0.06168211669397136,0.005565982784285807,0.006707655217131053,4514243,15451,928
HIX,relevant,0.01017149615612064,0.11272032939545258,0.01017149615612064,0.012257833324647178,2707686,8455,927
HIX,irrelevant,0.0,0.0,0.0,0.0,1806557,6996,1
MV,zoverall,0.0038641120592497183,0.005962769033356863,0.0038641120592497183,0.003862441088635688,175450467,12422,917
MV,relevant,0.012684989429175475,0.019574396652314734,0.012684989429175475,0.012679504017714725,141327706,3784,916
MV,irrelevant,0.0,0.0,0.0,0.0,34122761,8638,1
