,accuracy,precision,recall,f1,num_records,support,group_count
zoverall,0.22222410319784666,0.15134971549767157,0.22222410319784666,0.15722388072692414,215430600,59071,1458
relevant,0.6208967931132343,0.42287290909861686,0.6208967931132343,0.4392853967656861,151839381,21142,1457
irrelevant,0.0,0.0,0.0,0.0,63591219,37929,1
