,accuracy,precision,recall,f1,num_records,support,group_count
zoverall,0.003587071439359613,0.017483059318335655,0.003587071439359613,0.0034826283439232477,210855656,52968,1451
relevant,0.011290705966246732,0.05502987199748057,0.011290705966246732,0.010961959717193166,148992484,16828,1450
irrelevant,0.0,0.0,0.0,0.0,61863172,36140,1
