ehr_name,relevance,accuracy,precision,recall,f1,num_records,support,group_count
EPIC,zoverall,0.0004889975550122249,0.0004481390926378701,0.0004889975550122249,0.00032943065691519593,25312491,20450,794
EPIC,relevant,0.0028011204481792717,0.0025670712729536256,0.0028011204481792717,0.0018870747714049738,3773226,3570,793
EPIC,irrelevant,0.0,0.0,0.0,0.0,21539265,16880,1
HIX,zoverall,0.0010145153738098955,0.01101934813370097,0.0010145153738098955,0.0009068635367279535,4194530,12814,883
HIX,relevant,0.002021458560099518,0.02195644953898993,0.002021458560099518,0.0018069583827759284,2460411,6431,882
HIX,irrelevant,0.0,0.0,0.0,0.0,1734119,6383,1
MV,zoverall,0.0008491847826086956,0.0023997386810079187,0.0008491847826086956,0.000665730537097503,172971927,11776,891
MV,relevant,0.002880184331797235,0.008139205848948517,0.002880184331797235,0.0022579616373445263,139047325,3472,890
MV,irrelevant,0.0,0.0,0.0,0.0,33924602,8304,1
