,accuracy,precision,recall,f1,num_records,support,group_count
zoverall,0.0003715893406943412,0.0006262839394585034,0.0003715893406943412,0.0003220178948113516,187962299,37676,1330
relevant,0.0012331542323614903,0.002078382251654944,0.0012331542323614903,0.001068646719361621,139355144,11353,1329
irrelevant,0.0,0.0,0.0,0.0,48607155,26323,1
