,accuracy,precision,recall,f1,num_records,support,group_count
overall,0.0015807152736613318,0.004959247216769694,0.0015807152736613318,0.0013810267716209512,209860726,50610,1437
relevant,0.005113454777884308,0.016042665493174447,0.005113454777884308,0.00446748257665301,148518058,15645,1436
irrelevant,0.0,0.0,0.0,0.0,61342668,34965,1
