ehr_name,relevance,accuracy,precision,recall,f1,num_records,support,group_count
EPIC,zoverall,0.0012957699381374351,0.0021905816511452784,0.0012957699381374351,0.001472548417652257,30205036,23924,871
EPIC,relevant,0.007241298761971502,0.01224187699649606,0.007241298761971502,0.008229210077998737,4725645,4281,870
EPIC,irrelevant,0.0,0.0,0.0,0.0,25479391,19643,1
HIX,zoverall,0.0016618196925633569,0.01529823449268787,0.0016618196925633569,0.00166609753532859,4400811,14442,920
HIX,relevant,0.0031262211801484957,0.028779093727158814,0.0031262211801484957,0.003134268673337957,2637003,7677,919
HIX,irrelevant,0.0,0.0,0.0,0.0,1763808,6765,1
MV,zoverall,0.0020418163998693235,0.002981811411464194,0.0020418163998693235,0.002101224498041338,175254879,12244,908
MV,relevant,0.0067805804176837535,0.009902169493346241,0.0067805804176837535,0.006977866220238172,141155410,3687,907
MV,irrelevant,0.0,0.0,0.0,0.0,34099469,8557,1
