,accuracy,precision,recall,f1,num_records,support,group_count
overall,0.009523977495193918,0.013807207594939015,0.009523977495193918,0.0070672280424064595,214043214,56699,1457
relevant,0.028160200250312892,0.040824721705540634,0.028160200250312892,0.02089615992784751,150794787,19176,1456
irrelevant,0.0,0.0,0.0,0.0,63248427,37523,1
