,accuracy,precision,recall,f1,num_records,support,group_count
overall,0.0007326820603907638,0.005841264498263455,0.0007326820603907638,0.0006045196591563586,202478948,45040,1399
relevant,0.002449343130705856,0.01952724359844029,0.002449343130705856,0.0020208984968754094,145280962,13473,1398
irrelevant,0.0,0.0,0.0,0.0,57197986,31567,1
