,accuracy,precision,recall,f1,num_records,support,group_count
zoverall,0.00048759081378906824,0.002272590792468473,0.00048759081378906824,0.00046615102266145506,194135566,41018,1376
relevant,0.001617992071838848,0.007541228794229579,0.001617992071838848,0.0015468475566319524,142718975,12361,1375
irrelevant,0.0,0.0,0.0,0.0,51416591,28657,1
