,accuracy,precision,recall,f1,num_records,support,group_count
overall,0.0017907712810261535,0.011503531452051286,0.0017907712810261535,0.0018110460663346894,205364128,48024,1422
relevant,0.005913091309130913,0.03798443306197132,0.005913091309130913,0.005980038248738801,146023085,14544,1421
irrelevant,0.0,0.0,0.0,0.0,59341043,33480,1
