ehr_name,relevance,accuracy,precision,recall,f1,num_records,support,group_count
EPIC,overall,0.017711480362537765,0.012537249282481334,0.017711480362537765,0.010811467364345483,32192161,26480,920
EPIC,relevant,0.09089147286821705,0.06433844205428406,0.09089147286821705,0.05548210383873418,5276305,5160,919
EPIC,irrelevant,0.0,0.0,0.0,0.0,26915856,21320,1
HIX,overall,0.041985918409608615,0.08033470252596708,0.041985918409608615,0.040674338504523525,4739439,19316,940
HIX,relevant,0.0705033469529688,0.13489916665144572,0.0705033469529688,0.06830092345939115,2789613,11503,939
HIX,irrelevant,0.0,0.0,0.0,0.0,1949826,7813,1
MV,overall,0.02188218504717355,0.023534856464980658,0.02188218504717355,0.01821306573618761,178429380,12613,920
MV,relevant,0.0711890637090534,0.07656568083384087,0.0711890637090534,0.059252359590026914,143762597,3877,919
MV,irrelevant,0.0,0.0,0.0,0.0,34666783,8736,1
