ehr_name,relevance,accuracy,precision,recall,f1,num_records,support,group_count
EPIC,overall,0.0057521618224067655,0.005888546772390145,0.0057521618224067655,0.004152383761042987,31889572,26251,920
EPIC,relevant,0.030115676106900677,0.030829725034306678,0.030115676106900677,0.021739973296996302,5194379,5014,919
EPIC,irrelevant,0.0,0.0,0.0,0.0,26695193,21237,1
HIX,overall,0.014444879905940317,0.03572962079941785,0.014444879905940317,0.013742736101622454,4691678,17861,940
HIX,relevant,0.025070449907686327,0.06201212293250434,0.025070449907686327,0.02385181318735581,2776305,10291,939
HIX,irrelevant,0.0,0.0,0.0,0.0,1915373,7570,1
MV,overall,0.010407563359021212,0.01292763969322716,0.010407563359021212,0.009116284068594754,177461964,12587,919
MV,relevant,0.03384138465512787,0.04203570158063814,0.03384138465512787,0.02964264210059472,142824103,3871,918
MV,irrelevant,0.0,0.0,0.0,0.0,34637861,8716,1
