,accuracy,precision,recall,f1,num_records,support,group_count
zoverall,0.005554847287231136,0.01577546948711793,0.005554847287231136,0.0051182710879969315,213271697,54907,1455
relevant,0.017051489908872366,0.04842532023979338,0.017051489908872366,0.01571134961864189,150701953,17887,1454
irrelevant,0.0,0.0,0.0,0.0,62569744,37020,1
