,zoverall,relevant,irrelevant
1,0.15134971549767157,0.42287290909861686,0.0
2,0.1776836188911496,0.4977578634953869,0.0
3,0.1914908264860886,0.5385825852009276,0.0
4,0.2072662959732065,0.587007905440721,0.0
5,0.22474935529154216,0.6420377774382016,0.0
6,0.22970860250831185,0.658080442931376,0.0
7,0.24121213396036315,0.6960648759933473,0.0
8,0.2470533984586266,0.7155921195917876,0.0
9,0.24932598925109506,0.7231333483860172,0.0
10,0.24995227319055358,0.7252117306376721,0.0
