,zoverall,relevant,irrelevant
1,0.22222410319784666,0.6208967931132343,0.0
2,0.24886383337641504,0.696651418234948,0.0
3,0.25838781087160895,0.7248116184852609,0.0
4,0.2639426581588401,0.7418631083941333,0.0
5,0.2675297295981997,0.75315381436038,0.0
6,0.26911044487186103,0.7582672691382643,0.0
7,0.2709012161528872,0.7641803604473951,0.0
8,0.271633898213278,0.766629703578101,0.0
9,0.27212148902706706,0.7682476956499399,0.0
10,0.27249307836776143,0.7694808498823014,0.0
