,zoverall,relevant,irrelevant
1,0.15722388072692414,0.4392853967656861,0.0
2,0.17488536107392608,0.4895088342334581,0.0
3,0.18195258911633252,0.5104049941613056,0.0
4,0.18707086020432945,0.5261163437799474,0.0
5,0.1905534885482527,0.5370783034971406,0.0
6,0.19193451531987363,0.5415457860737936,0.0
7,0.19374556138620833,0.5475258243225324,0.0
8,0.1943500810453647,0.5495467228194078,0.0
9,0.19481623206802615,0.5510935703760397,0.0
10,0.1951382499628375,0.5521622170954013,0.0
