ehr_name,relevance,accuracy,precision,recall,f1,num_records,support,group_count
EPIC,overall,0.009584664536741214,0.019169329073482427,0.009584664536741214,0.011501597444089457,924468,313,119
EPIC,relevant,0.012396694214876033,0.024793388429752067,0.012396694214876033,0.01487603305785124,484158,242,118
EPIC,irrelevant,0.0,0.0,0.0,0.0,440310,71,1
HIX,overall,0.001314060446780552,0.00010108157282927322,0.001314060446780552,0.0001877229209686503,6088561,761,198
HIX,relevant,0.001422475106685633,0.00010942116205274101,0.001422475106685633,0.00020321072952651903,5423442,703,197
HIX,irrelevant,0.0,0.0,0.0,0.0,665119,58,1
MV,overall,0.002331002331002331,0.004662004662004662,0.002331002331002331,0.002913752913752914,83400495,858,279
MV,relevant,0.002898550724637681,0.005797101449275362,0.002898550724637681,0.0036231884057971015,71266498,690,278
MV,irrelevant,0.0,0.0,0.0,0.0,12133997,168,1
