ehr_name,relevance,accuracy,precision,recall,f1,num_records,support,group_count
EPIC,overall,0.015364916773367477,0.02835396215677906,0.015364916773367477,0.013383330284738735,6485309,781,239
EPIC,relevant,0.02158273381294964,0.039828137490008,0.02158273381294964,0.01879924631723193,2579841,556,238
EPIC,irrelevant,0.0,0.0,0.0,0.0,3905468,225,1
HIX,overall,0.006963788300835654,0.016558816300565778,0.006963788300835654,0.006586135238522139,9156524,1436,278
HIX,relevant,0.007639419404125287,0.01816536303102556,0.007639419404125287,0.007225126205132002,8343450,1309,277
HIX,irrelevant,0.0,0.0,0.0,0.0,813074,127,1
MV,overall,0.008354755784061698,0.014356293609988982,0.008354755784061698,0.00751154201559375,147715313,1556,376
MV,relevant,0.010509296685529508,0.018058522924125187,0.010509296685529508,0.009448633287197958,128383465,1237,375
MV,irrelevant,0.0,0.0,0.0,0.0,19331848,319,1
