ehr_name,relevance,accuracy,precision,recall,f1,num_records,support,group_count
EPIC,overall,0.03986254295532646,0.10538939377859588,0.03986254295532646,0.042129979231546544,10895049,1455,294
EPIC,relevant,0.05962732919254658,0.09080081287901877,0.05962732919254658,0.05405622615249945,4505554,805,293
EPIC,irrelevant,0.015384615384615385,0.12345679012345678,0.015384615384615385,0.02735978112175103,6389495,650,1
HIX,overall,0.0359882005899705,0.08777695468104109,0.0359882005899705,0.042761265175000326,9852290,1695,291
HIX,relevant,0.03836150845253576,0.09571647476226569,0.03836150845253576,0.04598260132000584,9015373,1538,290
HIX,irrelevant,0.012738853503184714,0.01,0.012738853503184714,0.011204481792717089,836917,157,1
MV,overall,0.0496929089893914,0.08898918483651037,0.0496929089893914,0.0571393670696368,154683916,1791,404
MV,relevant,0.05374823196605375,0.09158096442767091,0.05374823196605375,0.05956033025194354,133623756,1414,403
MV,irrelevant,0.034482758620689655,0.07926829268292683,0.034482758620689655,0.04805914972273567,21060160,377,1
