ehr_name,relevance,accuracy,precision,recall,f1,num_records,support,group_count
EPIC,overall,0.017432646592709985,0.01795602551638722,0.017432646592709985,0.015036117254817731,5665534,631,205
EPIC,relevant,0.024390243902439025,0.025122510201419816,0.024390243902439025,0.021037228354301524,1924719,451,204
EPIC,irrelevant,0.0,0.0,0.0,0.0,3740815,180,1
HIX,overall,0.0039494470774091624,0.004225908372827804,0.0039494470774091624,0.0038397402141477966,8914464,1266,268
HIX,relevant,0.004299226139294927,0.004600171969045571,0.004299226139294927,0.004179803190981179,8189624,1163,267
HIX,irrelevant,0.0,0.0,0.0,0.0,724840,103,1
MV,overall,0.009298998569384835,0.06491683283528778,0.009298998569384835,0.008535739382825794,132904857,1398,355
MV,relevant,0.009865470852017937,0.01794056708854915,0.009865470852017937,0.007213389500385015,116029473,1115,354
MV,irrelevant,0.007067137809187279,0.25,0.007067137809187279,0.013745704467353952,16875384,283,1
