ehr_name,relevance,accuracy,precision,recall,f1,num_records,support,group_count
EPIC,overall,0.028830313014827018,0.08802596263445182,0.028830313014827018,0.0317906297788442,9420809,1214,278
EPIC,relevant,0.04371584699453552,0.06697201999757448,0.04371584699453552,0.04493126030011276,3938727,732,277
EPIC,irrelevant,0.006224066390041493,0.12,0.006224066390041493,0.011834319526627217,5482082,482,1
HIX,overall,0.012150668286755772,0.03063187676836824,0.012150668286755772,0.012287912890928898,9806726,1646,288
HIX,relevant,0.012649800266311585,0.03217916953328561,0.012649800266311585,0.01256577359681267,8984431,1502,287
HIX,irrelevant,0.006944444444444444,0.014492753623188406,0.006944444444444444,0.009389671361502348,822295,144,1
MV,overall,0.030635838150289016,0.051793142631292914,0.030635838150289016,0.03173529832732044,153672858,1730,399
MV,relevant,0.03636363636363636,0.05082175602175602,0.03636363636363636,0.03614126701482484,132632433,1375,398
MV,irrelevant,0.008450704225352112,0.05555555555555555,0.008450704225352112,0.014669926650366748,21040425,355,1
