ehr_name,relevance,accuracy,precision,recall,f1,num_records,support,group_count
EPIC,overall,0.6176302232398397,0.5619495311750466,0.6176302232398397,0.5616380011839089,12527491,1747,305
EPIC,relevant,0.3762945914844649,0.48143552265599815,0.3762945914844649,0.38783589522018147,4808727,869,304
EPIC,irrelevant,0.856492027334852,0.6416382252559727,0.856492027334852,0.7336585365853658,7718764,878,1
HIX,overall,0.6901027582477015,0.729914107691357,0.6901027582477015,0.6701807044759549,10397471,1849,291
HIX,relevant,0.6664691943127962,0.7737222066130901,0.6664691943127962,0.6940400735389572,9558935,1688,290
HIX,irrelevant,0.937888198757764,0.27060931899641577,0.937888198757764,0.4200278164116829,838536,161,1
MV,overall,0.509641873278237,0.5392906767062867,0.509641873278237,0.4722946170211879,156044559,1815,407
MV,relevant,0.4474053295932679,0.5912755064993569,0.4474053295932679,0.4719392405022176,134947671,1426,406
MV,irrelevant,0.7377892030848329,0.3487241798298906,0.7377892030848329,0.47359735973597356,21096888,389,1
