ehr_name,relevance,accuracy,precision,recall,f1,num_records,support,group_count
EPIC,overall,0.019801980198019802,0.10632644146767617,0.019801980198019802,0.02408578650507191,1985119,404,143
EPIC,relevant,0.024054982817869417,0.050535678188801295,0.024054982817869417,0.02680080349286983,769596,291,142
EPIC,irrelevant,0.008849557522123894,0.25,0.008849557522123894,0.017094017094017092,1215523,113,1
HIX,overall,0.0010582010582010583,0.004232804232804233,0.0010582010582010583,0.0016931216931216932,7965371,945,224
HIX,relevant,0.0011655011655011655,0.004662004662004662,0.0011655011655011655,0.0018648018648018648,7256990,858,223
HIX,irrelevant,0.0,0.0,0.0,0.0,708381,87,1
MV,overall,0.007684918347742555,0.04265499150225375,0.007684918347742555,0.010667780696599141,99231533,1041,308
MV,relevant,0.007211538461538462,0.014723557692307692,0.007211538461538462,0.008821386946386947,85969446,832,307
MV,irrelevant,0.009569377990430622,0.15384615384615385,0.009569377990430622,0.018018018018018018,13262087,209,1
