ehr_name,relevance,accuracy,precision,recall,f1,num_records,support,group_count
EPIC,zoverall,0.15227817745803357,0.24562172733026313,0.15227817745803357,0.16608762596580745,12145234,1668,302
EPIC,relevant,0.2058139534883721,0.2352446215351305,0.2058139534883721,0.19154757094592315,4707535,860,301
EPIC,irrelevant,0.0952970297029703,0.25666666666666665,0.0952970297029703,0.13898916967509023,7437699,808,1
HIX,zoverall,0.12401795735129069,0.2021351796009068,0.12401795735129069,0.13450805325778625,10169623,1782,291
HIX,relevant,0.13316892725030827,0.22118584994289425,0.13316892725030827,0.14639678709470583,9331798,1622,290
HIX,irrelevant,0.03125,0.009009009009009009,0.03125,0.013986013986013988,837825,160,1
MV,zoverall,0.15350635008282718,0.25516706664364625,0.15350635008282718,0.16911218974007486,156043910,1811,407
MV,relevant,0.16269284712482468,0.2969421005756669,0.16269284712482468,0.18530544759087655,134947671,1426,406
MV,irrelevant,0.11948051948051948,0.10043668122270742,0.11948051948051948,0.10913404507710557,21096239,385,1
