ehr_name,relevance,accuracy,precision,recall,f1,num_records,support,group_count
EPIC,zoverall,0.005813953488372093,0.023255813953488372,0.005813953488372093,0.00801033591731266,2906140,516,176
EPIC,relevant,0.008152173913043478,0.03260869565217391,0.008152173913043478,0.011231884057971013,1537863,368,175
EPIC,irrelevant,0.0,0.0,0.0,0.0,1368277,148,1
HIX,zoverall,0.003587443946188341,0.011229446935724962,0.003587443946188341,0.005131604601286802,8622354,1115,250
HIX,relevant,0.002952755905511811,0.006233595800524934,0.002952755905511811,0.003937007874015749,7903160,1016,249
HIX,irrelevant,0.010101010101010102,0.0625,0.010101010101010102,0.01739130434782609,719194,99,1
MV,zoverall,0.005681818181818182,0.03747294372294373,0.005681818181818182,0.007274209383359775,118029812,1232,337
MV,relevant,0.006122448979591836,0.021394557823129254,0.006122448979591836,0.007181797794042692,101341787,980,336
MV,irrelevant,0.003968253968253968,0.1,0.003968253968253968,0.007633587786259542,16688025,252,1
