ehr_name,relevance,accuracy,precision,recall,f1,num_records,support,group_count
EPIC,zoverall,0.01956745623069001,0.06259090659950901,0.01956745623069001,0.02384975708234771,7725665,971,254
EPIC,relevant,0.027950310559006212,0.05810345877481428,0.027950310559006212,0.03298171671414561,3309499,644,253
EPIC,irrelevant,0.0030581039755351682,0.07142857142857142,0.0030581039755351682,0.005865102639296188,4416166,327,1
HIX,zoverall,0.010841836734693877,0.037375252298721684,0.010841836734693877,0.011720794086865513,9489024,1568,284
HIX,relevant,0.011854951185495118,0.04086777936150321,0.011854951185495118,0.012816042627758106,8670693,1434,283
HIX,irrelevant,0.0,0.0,0.0,0.0,818331,134,1
MV,zoverall,0.015568862275449104,0.053548204343193316,0.015568862275449104,0.016244679211848956,152481258,1670,388
MV,relevant,0.01809954751131222,0.05378600158011923,0.01809954751131222,0.01774247363721724,131821866,1326,387
MV,irrelevant,0.005813953488372093,0.05263157894736842,0.005813953488372093,0.010471204188481676,20659392,344,1
