ehr_name,relevance,accuracy,precision,recall,f1,num_records,support,group_count
EPIC,overall,0.005694963516639971,0.04181281372577322,0.005694963516639971,0.006837289633568206,3168649,11238,920
EPIC,relevant,0.012077294685990338,0.028158695783059455,0.012077294685990338,0.013875456780449482,664699,4968,919
EPIC,irrelevant,0.0006379585326953748,0.05263157894736842,0.0006379585326953748,0.0012606366214938543,2503950,6270,1
HIX,overall,0.00573376724004339,0.06650257861876636,0.00573376724004339,0.00805854542173088,4834098,19359,1018
HIX,relevant,0.006048941435248831,0.05483972884471478,0.006048941435248831,0.007703416810553159,4277164,14548,1017
HIX,irrelevant,0.0047807108709208065,0.10176991150442478,0.0047807108709208065,0.0091324200913242,556934,4811,1
MV,overall,0.006503041745332494,0.16144871910133082,0.006503041745332494,0.007246166316226588,24681274,9534,798
MV,relevant,0.01791359325605901,0.023924161542707375,0.01791359325605901,0.016595794549381697,16945554,2847,797
MV,irrelevant,0.0016449828024525197,0.22,0.0016449828024525197,0.003265548463707882,7735720,6687,1
