ehr_name,relevance,accuracy,precision,recall,f1,num_records,support,group_count
EPIC,overall,0.06497323396662118,0.24751123003699754,0.06497323396662118,0.07685362943461276,4745364,19054,959
EPIC,relevant,0.14720439963336387,0.1381995800564629,0.14720439963336387,0.12473605554480523,861415,5455,958
EPIC,irrelevant,0.03198764615045224,0.2913596784996651,0.03198764615045224,0.05764643519745561,3883949,13599,1
HIX,overall,0.11301693749462643,0.14032266781021924,0.11301693749462643,0.11276304224577452,5293637,23262,1021
HIX,relevant,0.12913305306215203,0.16320324290759072,0.12913305306215203,0.12783745266487728,4629246,17602,1020
HIX,irrelevant,0.06289752650176679,0.0691665047600544,0.06289752650176679,0.06588322383640233,664391,5660,1
MV,overall,0.09006880969497792,0.3078343700584519,0.09006880969497792,0.119129822667883,24739788,9737,800
MV,relevant,0.1336131514515565,0.14897710994461466,0.1336131514515565,0.11534693452409056,16946594,2859,799
MV,irrelevant,0.07196859552195406,0.37386706948640486,0.07196859552195406,0.12070226773957572,7793194,6878,1
