ehr_name,relevance,accuracy,precision,recall,f1,num_records,support,group_count
EPIC,overall,0.013986433759529383,0.14558259329364168,0.013986433759529383,0.016669404312565715,4273183,16659,953
EPIC,relevant,0.030818079940231603,0.0355904219934994,0.030818079940231603,0.027215492186661614,783207,5354,952
EPIC,irrelevant,0.006015037593984963,0.19767441860465113,0.006015037593984963,0.011674821873122156,3489976,11305,1
HIX,overall,0.031951023326481365,0.07723393568718051,0.031951023326481365,0.03926170358660847,5247676,22378,1021
HIX,relevant,0.03819934179595675,0.08457360709243676,0.03819934179595675,0.045395658318134344,4617873,17016,1020
HIX,irrelevant,0.012122342409548676,0.05394190871369295,0.012122342409548676,0.01979594944419065,629803,5362,1
MV,overall,0.02440531356194007,0.2467871770085494,0.02440531356194007,0.03271900286468491,24739341,9711,800
MV,relevant,0.04338698390482855,0.048585163883485966,0.04338698390482855,0.03586655365983599,16946582,2858,799
MV,irrelevant,0.01648912884867941,0.3294460641399417,0.01648912884867941,0.03140633685380767,7792759,6853,1
