ehr_name,relevance,accuracy,precision,recall,f1,num_records,support,group_count
EPIC,overall,0.00105057781779979,0.03154007431359975,0.00105057781779979,0.001575761801092321,1496917,6663,804
EPIC,relevant,0.0015885623510722795,0.0131898813392062,0.0015885623510722795,0.0022535603851980435,176826,3777,803
EPIC,irrelevant,0.0003465003465003465,0.055555555555555546,0.0003465003465003465,0.0006887052341597796,1320091,2886,1
HIX,overall,0.0011521518129447646,0.06452358838080004,0.0011521518129447646,0.0018933194118564392,4397802,14755,997
HIX,relevant,0.0004633490872022982,0.0034543893790634495,0.0004633490872022982,0.00039353951385907843,3947502,10791,996
HIX,irrelevant,0.0030272452068617556,0.23076923076923078,0.0030272452068617556,0.00597609561752988,450300,3964,1
MV,overall,0.0009389671361502347,0.15234911886779615,0.0009389671361502347,0.0017581281166822854,22942871,8520,784
MV,relevant,0.0011385199240986717,0.007084123972169512,0.0011385199240986717,0.0019044333275832328,15436302,2635,783
MV,irrelevant,0.0008496176720475786,0.21739130434782608,0.0008496176720475786,0.0016926201760324986,7506569,5885,1
