ehr_name,relevance,accuracy,precision,recall,f1,num_records,support,group_count
EPIC,overall,0.833766493402639,0.8067857092274343,0.833766493402639,0.8077947464586942,4952265,20008,959
EPIC,relevant,0.5101818181818182,0.6428509817428453,0.5101818181818182,0.5366440089864196,989001,5500,958
EPIC,irrelevant,0.9564378274055694,0.868933558770117,0.9564378274055694,0.9105883124979491,3963264,14508,1
HIX,overall,0.7570552147239263,0.7854009931695248,0.7570552147239263,0.7289318534860891,5321382,23635,1021
HIX,relevant,0.7093872962338392,0.8521632406603068,0.7093872962338392,0.7359108986663239,4647538,17790,1020
HIX,irrelevant,0.9021385799828914,0.5822016120128077,0.9021385799828914,0.7076902429204134,673844,5845,1
MV,overall,0.7692307692307693,0.7583474630376884,0.7692307692307693,0.7551508978362556,24856707,9750,801
MV,relevant,0.4851657940663176,0.5402975646828836,0.4851657940663176,0.4843524488945982,17060740,2865,800
MV,irrelevant,0.8874364560639071,0.849082823790995,0.8874364560639071,0.8678360911867056,7795967,6885,1
