ehr_name,relevance,accuracy,precision,recall,f1,num_records,support,group_count
EPIC,overall,0.0021608643457382954,0.04737894745056326,0.0021608643457382954,0.003037915047192591,2022839,8330,868
EPIC,relevant,0.0036438168982008655,0.011875402672001186,0.0036438168982008655,0.004857447720057627,486584,4391,867
EPIC,irrelevant,0.0005077430820005078,0.08695652173913043,0.0005077430820005078,0.0010095911155981827,1536255,3939,1
HIX,overall,0.0013696998570747975,0.03242520149574104,0.0013696998570747975,0.00174844601925651,4601719,16792,1012
HIX,relevant,0.0017726210619611635,0.0321046370303078,0.0017726210619611635,0.0022055843939325862,4120002,12411,1011
HIX,irrelevant,0.00022825838849577722,0.03333333333333333,0.00022825838849577722,0.0004534119247336205,481717,4381,1
MV,overall,0.001645097609124808,0.2648737937844954,0.001645097609124808,0.001939021996956714,24568065,9118,797
MV,relevant,0.004302617425600574,0.01496746207494753,0.004302617425600574,0.004190597752006793,16913894,2789,796
MV,irrelevant,0.0004740085321535788,0.375,0.0004740085321535788,0.000946820261953606,7654171,6329,1
