ehr_name,relevance,accuracy,precision,recall,f1,num_records,support,group_count
EPIC,overall,0.007512764405543399,0.06771371163617813,0.007512764405543399,0.008335074508834903,3700130,13710,945
EPIC,relevant,0.017537097706687224,0.031852063917196104,0.017537097706687224,0.0174687702137554,744819,5189,944
EPIC,irrelevant,0.0014082854125102688,0.08955223880597014,0.0014082854125102688,0.002772963604852686,2955311,8521,1
HIX,overall,0.011518872864010663,0.07486994985290425,0.011518872864010663,0.01524125356131307,5084869,21009,1021
HIX,relevant,0.013745920160682903,0.07842564665443426,0.013745920160682903,0.01740253529258529,4483391,15932,1020
HIX,irrelevant,0.004530234390388024,0.06371191135734072,0.004530234390388024,0.00845899227657227,601478,5077,1
MV,overall,0.0069552579674037164,0.1854446535755575,0.0069552579674037164,0.008717765657865738,24734863,9633,799
MV,relevant,0.015422362425517,0.018829891772407636,0.015422362425517,0.013522908051018887,16946324,2853,798
MV,irrelevant,0.003392330383480826,0.25555555555555554,0.003392330383480826,0.006695778748180496,7788539,6780,1
