ehr_name,relevance,accuracy,precision,recall,f1,num_records,support,group_count
EPIC,overall,0.004226888464685029,0.03215027152850987,0.004226888464685029,0.006278353219506169,1873531,7334,835
EPIC,relevant,0.007622326038849275,0.057976417848559475,0.007622326038849275,0.011321721788015304,447011,4067,834
EPIC,irrelevant,0.0,0.0,0.0,0.0,1426520,3267,1
HIX,overall,0.0008270772362896043,0.02227356553288606,0.0008270772362896043,0.0011270165374396841,4538540,15718,1009
HIX,relevant,0.0009522985022941737,0.01227131010699533,0.0009522985022941737,0.0011905876363217673,4072994,11551,1008
HIX,irrelevant,0.00047996160307175426,0.05,0.00047996160307175426,0.0009507962918944617,465546,4167,1
MV,overall,0.0009040569555882021,0.2778920405318868,0.0009040569555882021,0.0013731706240879995,24464051,8849,789
MV,relevant,0.0014716703458425313,0.002452783909737552,0.0014716703458425313,0.001532087581612488,16889339,2718,788
MV,irrelevant,0.0006524221171097701,0.4,0.0006524221171097701,0.0013027194268034523,7574712,6131,1
