ehr_name,relevance,accuracy,precision,recall,f1,num_records,support,group_count
EPIC,overall,0.0013242840589306405,0.06139528039875665,0.0013242840589306405,0.0020040173328077296,495487,6041,777
EPIC,relevant,0.001999428734647244,0.025326097305531755,0.001999428734647244,0.0028886976007634897,139322,3501,776
EPIC,irrelevant,0.0003937007874015748,0.11111111111111112,0.0003937007874015748,0.0007846214201647705,356165,2540,1
HIX,overall,0.0007980845969672786,0.003111968505025169,0.0007980845969672786,0.0009845117340547048,4300970,13783,985
HIX,relevant,0.0010997800439912018,0.004288368516772835,0.0010997800439912018,0.0013566811868102376,3862426,10002,984
HIX,irrelevant,0.0,0.0,0.0,0.0,438544,3781,1
MV,overall,0.0007347538574577516,0.13812964323618254,0.0007347538574577516,0.0007963132433312147,22484638,8166,775
MV,relevant,0.001960015680125441,0.0019469489089246048,0.001960015680125441,0.0017657676614948273,15386439,2551,774
MV,irrelevant,0.00017809439002671417,0.2,0.00017809439002671417,0.0003558718861209964,7098199,5615,1
