ehr_name,relevance,accuracy,precision,recall,f1,num_records,support,group_count
EPIC,overall,0.008886565603763722,0.1069126967534293,0.008886565603763722,0.012613573563532189,2561188,9565,894
EPIC,relevant,0.017540106951871658,0.053586028083135125,0.017540106951871658,0.024528781558814276,584520,4675,893
EPIC,irrelevant,0.0006134969325153375,0.15789473684210525,0.0006134969325153375,0.0012222448563862294,1976668,4890,1
HIX,overall,0.001958699423582741,0.014957213218722709,0.001958699423582741,0.002170574035709607,4681147,17869,1017
HIX,relevant,0.002408912978018669,0.008079537981047862,0.002408912978018669,0.002476396890578757,4181090,13284,1016
HIX,irrelevant,0.0006543075245365322,0.03488372093023256,0.0006543075245365322,0.0012845215157353887,500057,4585,1
MV,overall,0.003639867251900225,0.2510277454231651,0.003639867251900225,0.004156805709587738,24616316,9341,797
MV,relevant,0.00991150442477876,0.015959456324046665,0.00991150442477876,0.009507946271229195,16918164,2825,796
MV,irrelevant,0.0009208103130755065,0.35294117647058826,0.0009208103130755065,0.0018368284096127354,7698152,6516,1
