category,0
admission information,0.06557377049180328
clinical score,0.6372745490981964
demographics,0.5315985130111525
fluid balance,0.47024539877300614
hemodynamics,0.7835644234020968
infectiology,0.608
laboratory value,0.3589950072475439
lda,0.6274509803921569
medication,0.8539225532864636
neurology,0.5426829268292683
nice data,0.1263537906137184
position,0.5956112852664577
renal replacement therapy,0.35142118863049093
respiratory,0.6345776031434185
sofa score,0.5
unmapped,0.922521453987302
