relevance,0
irrelevant,0.922521453987302
relevant,0.6262857522065167
