ehr_name,relevance,accuracy,precision,recall,f1,num_records,support,group_count
EPIC,overall,0.010556317956296843,0.12377523456153237,0.010556317956296843,0.014382166458637807,10103003,9473,849
EPIC,relevant,0.022861183125147302,0.07090646484438594,0.022861183125147302,0.0307006462717343,3312768,4243,848
EPIC,irrelevant,0.0005736137667304016,0.16666666666666666,0.0005736137667304016,0.0011432926829268294,6790235,5230,1
HIX,overall,0.0035866780529461998,0.024986101317574984,0.0035866780529461998,0.004319603111820683,3232465,11710,932
HIX,relevant,0.004533302336394281,0.016248281731986332,0.004533302336394281,0.005195639049453737,2692389,8603,931
HIX,irrelevant,0.0009655616350177019,0.04918032786885246,0.0009655616350177019,0.0018939393939393938,540076,3107,1
MV,overall,0.004761904761904762,0.13258497032068461,0.004761904761904762,0.005181612197396369,170163046,10500,917
MV,relevant,0.011000523834468309,0.014599839802825658,0.011000523834468309,0.010084373449885324,141634802,3818,916
MV,irrelevant,0.001197246333433104,0.2,0.001197246333433104,0.0023802439750074383,28528244,6682,1
