ehr_name,relevance,accuracy,precision,recall,f1,num_records,support,group_count
EPIC,overall,0.007332155477031802,0.05225914235908067,0.007332155477031802,0.00872019068488961,11869270,11320,876
EPIC,relevant,0.01717391304347826,0.04138683949001021,0.01717391304347826,0.01973728979631374,4021240,4600,875
EPIC,irrelevant,0.0005952380952380953,0.059701492537313425,0.0005952380952380953,0.001178724031236187,7848030,6720,1
HIX,overall,0.00980315269390636,0.09070223696017735,0.00980315269390636,0.013171251156862565,3266175,12751,934
HIX,relevant,0.010698552548772814,0.08046128673062174,0.010698552548772814,0.013059778710154226,2715967,9534,933
HIX,irrelevant,0.007149518184644078,0.12105263157894737,0.007149518184644078,0.013501614323451715,550208,3217,1
MV,overall,0.007291764045994204,0.10484563004168751,0.007291764045994204,0.008108284756435201,170232151,10697,918
MV,relevant,0.017200938232994525,0.027427002413248667,0.017200938232994525,0.016422829543066522,141660603,3837,917
MV,irrelevant,0.001749271137026239,0.14814814814814814,0.001749271137026239,0.0034577150266532197,28571548,6860,1
