ehr_name,relevance,accuracy,precision,recall,f1,num_records,support,group_count
EPIC,zoverall,0.0034499753573188764,0.04575569891720995,0.0034499753573188764,0.004486426170527135,8790576,8116,817
EPIC,relevant,0.006644518272425249,0.01818016015788148,0.006644518272425249,0.008289881442213844,2760919,3913,816
EPIC,irrelevant,0.0004758505829169641,0.07142857142857142,0.0004758505829169641,0.0009454029780193808,6029657,4203,1
HIX,zoverall,0.0027144408251900108,0.04580042727989802,0.0027144408251900108,0.003172694447219209,3217326,11052,928
HIX,relevant,0.003611906837713289,0.05127881084785564,0.003611906837713289,0.004120758287977227,2682725,8029,927
HIX,irrelevant,0.0003307972213033411,0.03125,0.0003307972213033411,0.0006546644844517184,534601,3023,1
MV,zoverall,0.002633375597386131,0.1246452740967705,0.002633375597386131,0.0027178287635233485,169135426,10253,915
MV,relevant,0.006379585326953748,0.01619497483099092,0.006379585326953748,0.0058162285100901295,140659533,3762,914
MV,irrelevant,0.00046217840086273303,0.1875,0.00046217840086273303,0.000922083909635777,28475893,6491,1
