ehr_name,relevance,accuracy,precision,recall,f1,num_records,support,group_count
EPIC,zoverall,0.0026534583407040505,0.17475617666135976,0.0026534583407040505,0.0033083650275922503,3851627,5653,704
EPIC,relevant,0.004705882352941176,0.032010084033613447,0.004705882352941176,0.005614932931726174,994793,2975,703
EPIC,irrelevant,0.0003734129947722181,0.3333333333333333,0.0003734129947722181,0.0007459903021260724,2856834,2678,1
HIX,zoverall,0.001445086705202312,0.0045847537177016945,0.001445086705202312,0.0018548595988242369,2973695,8996,901
HIX,relevant,0.0020589166930630345,0.006532221166367508,0.0020589166930630345,0.002642748962784738,2467321,6314,900
HIX,irrelevant,0.0,0.0,0.0,0.0,506374,2682,1
MV,zoverall,0.0009775171065493646,0.07297803086333551,0.0009775171065493646,0.0013296770481724407,160567123,9207,888
MV,relevant,0.0023235550392099913,0.009138624953321439,0.0023235550392099913,0.0029757346922609776,133083612,3443,887
MV,irrelevant,0.00017349063150589867,0.11111111111111112,0.00017349063150589867,0.00034644032565390613,27483511,5764,1
