ehr_name,relevance,accuracy,precision,recall,f1,num_records,support,group_count
EPIC,zoverall,0.00948139635109898,0.09376814056260971,0.00948139635109898,0.01034289566317216,13974728,13922,905
EPIC,relevant,0.024009850194951776,0.04682498422958094,0.024009850194951776,0.02347748461389293,4727245,4873,904
EPIC,irrelevant,0.0016576417283677754,0.11904761904761903,0.0016576417283677754,0.0032697547683923707,9247483,9049,1
HIX,zoverall,0.017378136717623307,0.12261398989699934,0.017378136717623307,0.023507205332312018,3302952,13868,937
HIX,relevant,0.0205804248861912,0.12793766014259952,0.0205804248861912,0.026656520767855643,2750169,10544,936
HIX,irrelevant,0.007220216606498195,0.10572687224669604,0.007220216606498195,0.013517319065052096,552783,3324,1
MV,zoverall,0.010273972602739725,0.1381664664569045,0.010273972602739725,0.011612155062543126,171632216,10804,918
MV,relevant,0.02260327357755261,0.029422284065729117,0.02260327357755261,0.020337367110707542,142978548,3849,917
MV,irrelevant,0.0034507548526240116,0.19834710743801653,0.0034507548526240116,0.006783493499152064,28653668,6955,1
