ehr_name,relevance,accuracy,precision,recall,f1,num_records,support,group_count
EPIC,zoverall,0.01757396449704142,0.17153227022138245,0.01757396449704142,0.02007365140292896,15608439,16900,913
EPIC,relevant,0.04257835600236547,0.05121480822260282,0.04257835600236547,0.03588977465781861,4977696,5073,912
EPIC,irrelevant,0.006848735943180857,0.2231404958677686,0.006848735943180857,0.013289581624282197,10630743,11827,1
HIX,zoverall,0.04638093303541201,0.115687124019403,0.04638093303541201,0.057397270080662845,3321516,14769,938
HIX,relevant,0.054934413240602165,0.1275833299469145,0.054934413240602165,0.06593274948362202,2764039,11359,937
HIX,irrelevant,0.01788856304985337,0.07605985037406483,0.01788856304985337,0.028964862298195636,557477,3410,1
MV,zoverall,0.028390297684674753,0.2001691695845079,0.028390297684674753,0.0364763159470734,171637395,10884,919
MV,relevant,0.049805447470817124,0.06319037323388008,0.049805447470817124,0.04574579835484795,142979060,3855,918
MV,irrelevant,0.016645326504481434,0.2752941176470588,0.016645326504481434,0.03139254091762812,28658335,7029,1
