ehr_name,relevance,accuracy,precision,recall,f1,num_records,support,group_count
EPIC,overall,0.002217997465145754,0.0747103881015478,0.002217997465145754,0.0032537875391014763,5313223,6312,743
EPIC,relevant,0.003693444136657433,0.027299775222212892,0.003693444136657433,0.005096550605195175,1301337,3249,742
EPIC,irrelevant,0.000652954619653934,0.125,0.000652954619653934,0.001299123091912959,4011886,3063,1
HIX,overall,0.001869158878504673,0.09027858638476073,0.001869158878504673,0.003016456573325911,3087111,9630,914
HIX,relevant,0.0008774495466510676,0.004647965323961085,0.0008774495466510676,0.0007878707007861921,2572199,6838,913
HIX,irrelevant,0.004297994269340974,0.3,0.004297994269340974,0.00847457627118644,514912,2792,1
MV,overall,0.0014572707400853544,0.12976648971236251,0.0014572707400853544,0.002511251090412119,165867819,9607,898
MV,relevant,0.0022459292532285235,0.010574583567284296,0.0022459292532285235,0.003420788457284808,137558971,3562,897
MV,irrelevant,0.0009925558312655087,0.2,0.0009925558312655087,0.0019753086419753087,28308848,6045,1
