ehr_name,relevance,accuracy,precision,recall,f1,num_records,support,group_count
EPIC,zoverall,0.07582104990949057,0.2835547377254381,0.07582104990949057,0.08854602460262884,16463379,19335,919
EPIC,relevant,0.18530659467797916,0.17056712272495003,0.18530659467797916,0.15464500333525213,5084783,5186,918
EPIC,irrelevant,0.035691568308714394,0.32496782496782495,0.035691568308714394,0.0643189199516016,11378596,14149,1
HIX,zoverall,0.148685759121224,0.18829517608256371,0.148685759121224,0.14949447275210367,3325003,15294,938
HIX,relevant,0.16810417723659732,0.21574158066467988,0.16810417723659732,0.16748012917112312,2765794,11826,937
HIX,irrelevant,0.08246828143021914,0.09470198675496688,0.08246828143021914,0.08816276202219483,559209,3468,1
MV,zoverall,0.09723240469208211,0.27440444326759095,0.09723240469208211,0.1209125125480488,171638296,10912,919
MV,relevant,0.14782157676348548,0.17190802074807918,0.14782157676348548,0.1318023674333925,142979072,3856,918
MV,irrelevant,0.06958616780045351,0.33041722745625834,0.06958616780045351,0.1149613673612737,28659224,7056,1
