ehr_name,relevance,accuracy,precision,recall,f1,num_records,support,group_count
EPIC,overall,0.8044120543628127,0.7719234117751119,0.8044120543628127,0.773742150801857,16898495,20308,920
EPIC,relevant,0.38460068781047,0.5431928648639606,0.38460068781047,0.4157335457887689,5282940,5234,919
EPIC,irrelevant,0.9501791163592942,0.851343319067998,0.9501791163592942,0.8980500344849207,11615555,15074,1
HIX,overall,0.6418796798347535,0.696649916725063,0.6418796798347535,0.6028597809806557,3328885,15492,938
HIX,relevant,0.5783945986496624,0.7698304336907549,0.5783945986496624,0.6075218286044568,2766292,11997,937
HIX,irrelevant,0.8597997138769671,0.44544915505484733,0.8597997138769671,0.5868567522702861,562593,3495,1
MV,overall,0.7258492812013552,0.7013006367813347,0.7258492812013552,0.6987692152799617,171641199,10921,919
MV,relevant,0.4347938812548613,0.5226887720397355,0.4347938812548613,0.4408367898662587,142979100,3857,918
MV,irrelevant,0.8847678369195923,0.7988241308793456,0.8847678369195923,0.839602364320258,28662099,7064,1
