ehr_name,relevance,accuracy,precision,recall,f1,num_records,support,group_count
EPIC,overall,0.005115816399033679,0.0318774798062847,0.005115816399033679,0.0072431971787095895,6584673,7037,785
EPIC,relevant,0.010112359550561797,0.06301174870697343,0.010112359550561797,0.014317522063645893,2031602,3560,784
EPIC,irrelevant,0.0,0.0,0.0,0.0,4553071,3477,1
HIX,overall,0.00184519763037778,0.057783492840055885,0.00184519763037778,0.002427120448147674,3160750,10297,923
HIX,relevant,0.0021609940572663426,0.011408321719253047,0.0021609940572663426,0.002569842085490053,2641578,7404,922
HIX,irrelevant,0.0010369858278603526,0.17647058823529413,0.0010369858278603526,0.002061855670103093,519172,2893,1
MV,overall,0.0013048278630934458,0.23061730582848192,0.0013048278630934458,0.001543299332676359,168351840,9963,905
MV,relevant,0.0024509803921568627,0.0027243612017433826,0.0024509803921568627,0.002012487764832181,139960603,3672,904
MV,irrelevant,0.0006358289620092195,0.3636363636363636,0.0006358289620092195,0.001269438273563948,28391237,6291,1
