,accuracy,precision,recall,f1,num_records,support,group_count
overall,0.005090317227293036,0.01430886844051485,0.005090317227293036,0.004727896801899722,232648068,62668,1518
relevant,0.012504900039200314,0.03515124137319422,0.012504900039200314,0.011614576118441857,169892901,25510,1517
irrelevant,0.0,0.0,0.0,0.0,62755167,37158,1
