ehr_name,relevance,accuracy,precision,recall,f1,num_records,support,group_count
EPIC,overall,0.017203911626222382,0.01266857448597961,0.017203911626222382,0.010407692097330667,32707007,27610,1059
EPIC,relevant,0.07554071246819338,0.0556264856167139,0.07554071246819338,0.04569916965764945,5791044,6288,1058
EPIC,irrelevant,0.0,0.0,0.0,0.0,26915963,21322,1
HIX,overall,0.035429816651638114,0.06673278423775116,0.035429816651638114,0.03371879239830816,15973888,26616,1094
HIX,relevant,0.05030406486717166,0.09474873494462738,0.05030406486717166,0.04787471345745065,14010812,18746,1093
HIX,irrelevant,0.0,0.0,0.0,0.0,1963076,7870,1
MV,overall,0.02389860273345041,0.026326933175527197,0.02389860273345041,0.02003873284281535,186732168,13097,930
MV,relevant,0.07311375846764774,0.08054282733003497,0.07311375846764774,0.061305135258666814,151893317,4281,929
MV,irrelevant,0.0,0.0,0.0,0.0,34838851,8816,1
