,accuracy,precision,recall,f1,num_records,support,group_count
zoverall,0.3202310613280162,0.2287245014812892,0.3202310613280162,0.24252403254912638,235789264,68207,1521
relevant,0.7247328953480656,0.5176392618134678,0.7247328953480656,0.5488697553944609,172012612,30138,1520
irrelevant,0.0,0.0,0.0,0.0,63776652,38069,1
