ehr_name,relevance,accuracy,precision,recall,f1,num_records,support,group_count
EPIC,overall,0.14386775427705192,0.0930265234959371,0.14386775427705192,0.10196849610452827,32768063,27706,1059
EPIC,relevant,0.6258439315434134,0.4046777924287067,0.6258439315434134,0.44357656666227985,5797728,6369,1058
EPIC,irrelevant,0.0,0.0,0.0,0.0,26970335,21337,1
HIX,overall,0.5616398349943417,0.49291137630751825,0.5616398349943417,0.4917152735935249,16173938,27393,1094
HIX,relevant,0.7898654892699456,0.6932088166748048,0.7898654892699456,0.6915266705794962,14206473,19478,1093
HIX,irrelevant,0.0,0.0,0.0,0.0,1967465,7915,1
MV,overall,0.1885108330790357,0.14692169961122542,0.1885108330790357,0.15022173834099467,186847263,13108,930
MV,relevant,0.5758564437194127,0.44881138161359657,0.5758564437194127,0.45889222702721,152008411,4291,929
MV,irrelevant,0.0,0.0,0.0,0.0,34838852,8817,1
