,accuracy,precision,recall,f1,num_records,support,group_count
overall,0.0014008299917701238,0.004864744598216884,0.0014008299917701238,0.0012443547079400569,228570799,57109,1495
relevant,0.0036345463631820454,0.012621902651381946,0.0036345463631820454,0.003228560856651161,167043554,22011,1494
irrelevant,0.0,0.0,0.0,0.0,61527245,35098,1
