,accuracy,precision,recall,f1,num_records,support,group_count
zoverall,0.0031796767051224424,0.016588341229191957,0.0031796767051224424,0.0031787176529713013,229963971,60069,1511
relevant,0.008026896406808154,0.041876237415269246,0.008026896406808154,0.008024475339202903,167916220,23795,1510
irrelevant,0.0,0.0,0.0,0.0,62047751,36274,1
