ehr_name,relevance,accuracy,precision,recall,f1,num_records,support,group_count
EPIC,overall,0.0012494458103260652,0.0020977125186064766,0.0012494458103260652,0.0014118440113908086,30707774,24811,993
EPIC,relevant,0.006000774293457221,0.010074786159339004,0.006000774293457221,0.006780732049287138,5228276,5166,992
EPIC,irrelevant,0.0,0.0,0.0,0.0,25479498,19645,1
HIX,overall,0.0012253650566731338,0.012625887912357801,0.0012253650566731338,0.001230507611830193,14310308,19586,1064
HIX,relevant,0.0018799937333542221,0.019371035614244077,0.0018799937333542221,0.0018878836037369703,12533254,12766,1063
HIX,irrelevant,0.0,0.0,0.0,0.0,1777054,6820,1
MV,overall,0.0019666456891126493,0.00298329016962345,0.0019666456891126493,0.002037641376789974,183552717,12712,916
MV,relevant,0.006128953174797744,0.009297274978243024,0.006128953174797744,0.006350207693492069,149282024,4079,915
MV,irrelevant,0.0,0.0,0.0,0.0,34270693,8633,1
