,accuracy,precision,recall,f1,num_records,support,group_count
zoverall,0.025711866672608174,0.02728192970859374,0.025711866672608174,0.017723021515888573,235413063,67323,1521
relevant,0.059048268804366366,0.06265397761458831,0.059048268804366366,0.04070158545161748,171695173,29315,1520
irrelevant,0.0,0.0,0.0,0.0,63717890,38008,1
