ehr_name,relevance,accuracy,precision,recall,f1,num_records,support,group_count
EPIC,zoverall,0.0004735296903115825,0.0004339257715903231,0.0004735296903115825,0.00031893729788552076,25744464,21118,901
EPIC,relevant,0.002360717658168083,0.002163277725317385,0.002360717658168083,0.00159001837977961,4205092,4236,900
EPIC,irrelevant,0.0,0.0,0.0,0.0,21539372,16882,1
HIX,zoverall,0.0007686849574266793,0.009879996055743119,0.0007686849574266793,0.0007636798822849372,13700779,16912,1015
HIX,relevant,0.0012408132098883269,0.01594831471745038,0.0012408132098883269,0.001232734004887168,11953565,10477,1014
HIX,irrelevant,0.0,0.0,0.0,0.0,1747214,6435,1
MV,zoverall,0.0008187326019322089,0.0023027164110810106,0.0008187326019322089,0.0006289519256304246,180531844,12214,899
MV,relevant,0.0026034886748242643,0.007322410373585905,0.0026034886748242643,0.0020000048996745654,146441133,3841,898
MV,irrelevant,0.0,0.0,0.0,0.0,34090711,8373,1
