ehr_name,relevance,accuracy,precision,recall,f1,num_records,support,group_count
EPIC,zoverall,0.002823179791976226,0.004530018173264439,0.002823179791976226,0.00241465744690213,32184055,26920,1049
EPIC,relevant,0.012876990850559133,0.02066216354189744,0.012876990850559133,0.011013652739851804,5664740,5902,1048
EPIC,irrelevant,0.0,0.0,0.0,0.0,26519315,21018,1
HIX,zoverall,0.007168616413053039,0.04316445400608785,0.007168616413053039,0.008525289588087931,15195564,22738,1091
HIX,relevant,0.010612670095709357,0.06390216519242305,0.010612670095709357,0.012621136444686721,13299117,15359,1090
HIX,irrelevant,0.0,0.0,0.0,0.0,1896447,7379,1
MV,zoverall,0.006149116064565719,0.0072459039385767265,0.006149116064565719,0.005187963901096267,185268449,13010,928
MV,relevant,0.01882795951988703,0.022186210929838364,0.01882795951988703,0.015885010673867366,150929044,4249,927
MV,irrelevant,0.0,0.0,0.0,0.0,34339405,8761,1
