ehr_name,relevance,accuracy,precision,recall,f1,num_records,support,group_count
EPIC,overall,0.00016469038208168644,4.448779152336465e-05,0.00016469038208168644,6.812832899789422e-05,19811078,18216,848
EPIC,relevant,0.0007970244420828905,0.00021530010903018343,0.0007970244420828905,0.00032970925638300773,3519337,3764,847
EPIC,irrelevant,0.0,0.0,0.0,0.0,16291741,14452,1
HIX,overall,0.0007110996185920227,0.016895903357995627,0.0007110996185920227,0.0008968117523451326,13365833,15469,990
HIX,relevant,0.0011800042909246942,0.02803719470551752,0.0011800042909246942,0.0014881764639591134,11665371,9322,989
HIX,irrelevant,0.0,0.0,0.0,0.0,1700462,6147,1
MV,overall,0.0005050079959599361,0.0006378416000778401,0.0005050079959599361,0.00042947337940236184,178220292,11881,883
MV,relevant,0.0016198704103671706,0.002045949257701085,0.0016198704103671706,0.001377584562818429,144616611,3704,882
MV,irrelevant,0.0,0.0,0.0,0.0,33603681,8177,1
