,accuracy,precision,recall,f1,num_records,support,group_count
zoverall,0.0003353936083560922,0.0006723604801411548,0.0003353936083560922,0.00028799113520380407,203866066,41742,1383
relevant,0.0009147935180345008,0.00183387814702379,0.0009147935180345008,0.0007855022193986663,155079634,15304,1382
irrelevant,0.0,0.0,0.0,0.0,48786432,26438,1
