ehr_name,relevance,accuracy,precision,recall,f1,num_records,support,group_count
EPIC,overall,0.001035241340637536,0.0020295415973753516,0.001035241340637536,0.0011057942365891946,28238791,23183,951
EPIC,relevant,0.005096623486939902,0.009991688862168778,0.005096623486939902,0.00544396427837063,4672547,4709,950
EPIC,irrelevant,0.0,0.0,0.0,0.0,23566244,18474,1
HIX,overall,0.0019292250027560358,0.03060822127241415,0.0019292250027560358,0.0025228658468281527,14070319,18142,1043
HIX,relevant,0.0030381944444444445,0.04820263457674805,0.0030381944444444445,0.0039730757112114885,12312140,11520,1042
HIX,irrelevant,0.0,0.0,0.0,0.0,1758179,6622,1
MV,overall,0.0021610372979029933,0.0038947647251633163,0.0021610372979029933,0.0020436846491294802,181555597,12494,910
MV,relevant,0.0067839195979899495,0.012226429767887055,0.0067839195979899495,0.00641552663472958,147359129,3980,909
MV,irrelevant,0.0,0.0,0.0,0.0,34196468,8514,1
