ehr_name,relevance,accuracy,precision,recall,f1,num_records,support,group_count
EPIC,zoverall,0.0003151591553734636,0.0002238855481229606,0.0003151591553734636,0.00017962953154160885,17022905,15865,775
EPIC,relevant,0.0014970059880239522,0.0010634563535840628,0.0014970059880239522,0.0008532402748226421,2880061,3340,774
EPIC,irrelevant,0.0,0.0,0.0,0.0,14142844,12525,1
HIX,zoverall,0.0002785515320334262,0.001128335553671632,0.0002785515320334262,0.00037884627842197315,11952147,14360,957
HIX,relevant,0.00047568081817100726,0.0019268520098376307,0.00047568081817100726,0.0006469535685740914,10266859,8409,956
HIX,irrelevant,0.0,0.0,0.0,0.0,1685288,5951,1
MV,zoverall,0.0004341408352869671,0.000837430636857571,0.0004341408352869671,0.000494165524687513,174891014,11517,868
MV,relevant,0.0014064697609001407,0.0027129925864103083,0.0014064697609001407,0.0016009294930593777,141932714,3555,867
MV,irrelevant,0.0,0.0,0.0,0.0,32958300,7962,1
