ehr_name,relevance,accuracy,precision,recall,f1,num_records,support,group_count
EPIC,zoverall,0.0021473215997545917,0.0027653606753189914,0.0021473215997545917,0.0018553332852484679,31396716,26079,1028
EPIC,relevant,0.010052055286304075,0.012945223667500266,0.010052055286304075,0.00868519776449377,5462755,5571,1027
EPIC,irrelevant,0.0,0.0,0.0,0.0,25933961,20508,1
HIX,zoverall,0.004124200047404598,0.0465736934970212,0.004124200047404598,0.005122468067686985,14814996,21095,1080
HIX,relevant,0.00619525742362743,0.06996169367796498,0.00619525742362743,0.007694827592954279,12995191,14043,1079
HIX,irrelevant,0.0,0.0,0.0,0.0,1819805,7052,1
MV,zoverall,0.003722373012795657,0.006629190765816544,0.003722373012795657,0.003822983285157657,183752259,12895,926
MV,relevant,0.011480507055728294,0.020445686420761618,0.011480507055728294,0.011790808290386985,149458274,4181,925
MV,irrelevant,0.0,0.0,0.0,0.0,34293985,8714,1
