ehr_name,relevance,accuracy,precision,recall,f1,num_records,support,group_count
EPIC,zoverall,0.005518400760150568,0.005809051015463997,0.005518400760150568,0.003986869173143524,32404350,27363,1058
EPIC,relevant,0.02465708687132593,0.025955758154170696,0.02465708687132593,0.017813961656552295,5709050,6124,1057
EPIC,irrelevant,0.0,0.0,0.0,0.0,26695300,21239,1
HIX,zoverall,0.010913385185486827,0.027124392737723164,0.010913385185486827,0.010476071422600078,15504072,24557,1094
HIX,relevant,0.0158298877731837,0.03934398774130347,0.0158298877731837,0.015195563256041943,13575449,16930,1093
HIX,irrelevant,0.0,0.0,0.0,0.0,1928623,7627,1
MV,zoverall,0.010099464422341239,0.0128176380113105,0.010099464422341239,0.008876389017871708,185764747,13070,928
MV,relevant,0.03088441740758072,0.039196660928364116,0.03088441740758072,0.027144221914736363,150954818,4274,927
MV,irrelevant,0.0,0.0,0.0,0.0,34809929,8796,1
