,accuracy,precision,recall,f1,num_records,support,group_count
overall,0.0006567948411750657,0.005538166878880109,0.0006567948411750657,0.0005773325300765982,219977087,50244,1449
relevant,0.001778592217311631,0.014997286658534666,0.001778592217311631,0.0015634092724570768,162599790,18554,1448
irrelevant,0.0,0.0,0.0,0.0,57377297,31690,1
