,accuracy,precision,recall,f1,num_records,support,group_count
overall,0.0004389237589430716,0.002283284477234338,0.0004389237589430716,0.00042825047070137976,211397203,45566,1427
relevant,0.0011911852293031567,0.0061965539302954046,0.0011911852293031567,0.001162219234543125,159801319,16790,1426
irrelevant,0.0,0.0,0.0,0.0,51595884,28776,1
