,accuracy,precision,recall,f1,num_records,support,group_count
overall,0.0015979486798342593,0.011262038242522728,0.0015979486798342593,0.0016740814670006439,223864707,53819,1476
relevant,0.004255529714483646,0.029992163698071686,0.004255529714483646,0.004458280492478977,164343816,20209,1475
irrelevant,0.0,0.0,0.0,0.0,59520891,33610,1
