,accuracy,precision,recall,f1,num_records,support,group_count
overall,0.008478227419603015,0.012466769944534845,0.008478227419603015,0.006444043771565391,233673169,64990,1520
relevant,0.020162470725995318,0.029647810988558242,0.020162470725995318,0.01532488307647961,170239317,27328,1519
irrelevant,0.0,0.0,0.0,0.0,63433852,37662,1
