,overall,relevant,irrelevant
1,0.24252403254912638,0.5488697553944609,0.0
2,0.26024705406501497,0.5895713408460784,0.0
3,0.26669109783658035,0.604896223922558,0.0
4,0.27141899463848007,0.6165108000409999,0.0
5,0.27459771229145136,0.6245352753802028,0.0
6,0.2758420669993914,0.627763836236854,0.0
7,0.27751614846639205,0.6322221167293329,0.0
8,0.27809348099646863,0.6337855260017901,0.0
9,0.27852173146717,0.6349477452363331,0.0
10,0.2788097226023738,0.6357332474557318,0.0
