,overall,relevant,irrelevant
1,0.3202310613280162,0.7247328953480656,0.0
2,0.3459429280006244,0.7837811641524319,0.0
3,0.3544211554202274,0.8039436348784272,0.0
4,0.3595114726475204,0.8164485349176276,0.0
5,0.36269114935264285,0.8244754313244358,0.0
6,0.36409197934441295,0.8281099776876178,0.0
7,0.3656899280242472,0.8323655074021015,0.0
8,0.3663467228654223,0.834144099619413,0.0
9,0.36678564662436536,0.8353352848487162,0.0
10,0.36712104023272146,0.8362500783667507,0.0
