,zoverall,relevant,irrelevant
1,0.2287245014812892,0.5176392618134678,0.0
2,0.2560064311898829,0.5802932394280561,0.0
3,0.26847320113441775,0.6099410504166144,0.0
4,0.28278206957493257,0.6450922917898086,0.0
5,0.2993704108041245,0.6869685292050779,0.0
6,0.3042351554023414,0.6995904318564599,0.0
7,0.31549719364486417,0.7295825955545315,0.0
8,0.32103536052374426,0.7445798822130661,0.0
9,0.3233186450009786,0.7507764361433615,0.0
10,0.32399100548111975,0.7526103142903853,0.0
