ehr_name,relevance,accuracy,precision,recall,f1,num_records,support,group_count
EPIC,overall,0.0020811321358819197,0.0031239555981292895,0.0020811321358819197,0.0019171536656627593,39751994,31233,1267
EPIC,relevant,0.006485731390939932,0.009735632128953512,0.006485731390939932,0.005974701700224004,12941205,10022,1266
EPIC,irrelevant,0.0,0.0,0.0,0.0,26810789,21211,1
HIX,overall,0.0014925975230949211,0.007957749986836196,0.0014925975230949211,0.0011796519745982006,20516760,24789,1169
HIX,relevant,0.0021250933318017347,0.011329887107212822,0.0021250933318017347,0.0016795355119358334,18615342,17411,1168
HIX,irrelevant,0.0,0.0,0.0,0.0,1901418,7378,1
MV,overall,0.0027175908923980905,0.0032207427413240394,0.0027175908923980905,0.002456187453763931,189860304,13615,1014
MV,relevant,0.007633587786259542,0.009046918180962822,0.007633587786259542,0.006899317553743743,155082632,4847,1013
MV,irrelevant,0.0,0.0,0.0,0.0,34777672,8768,1
