ehr_name,relevance,accuracy,precision,recall,f1,num_records,support,group_count
EPIC,overall,0.25130276587215933,0.16918261297727316,0.25130276587215933,0.18652144157507927,40202721,32431,1270
EPIC,relevant,0.7346313322516675,0.49457015697367457,0.7346313322516675,0.5452566136399312,13232386,11094,1269
EPIC,irrelevant,0.0,0.0,0.0,0.0,26970335,21337,1
HIX,overall,0.6474644634550955,0.532637836296104,0.6474644634550955,0.5696537513767581,22173965,30743,1170
HIX,relevant,0.8719554932538988,0.7173157964452044,0.8719554932538988,0.767165992578223,20206500,22828,1169
HIX,irrelevant,0.0,0.0,0.0,0.0,1967465,7915,1
MV,overall,0.2491435235804359,0.17961644885885003,0.2491435235804359,0.19585565291349438,191828757,13719,1016
MV,relevant,0.6972664218686251,0.5026842231527058,0.6972664218686251,0.548132130216285,156989905,4902,1015
MV,irrelevant,0.0,0.0,0.0,0.0,34838852,8817,1
