ehr_name,relevance,accuracy,precision,recall,f1,num_records,support,group_count
EPIC,zoverall,0.0008402772915061971,0.0020663752955026146,0.0008402772915061971,0.0009217268438521117,35775505,28562,1236
EPIC,relevant,0.0028978507606858247,0.007126275198037392,0.0028978507606858247,0.003178744519935283,11444489,8282,1235
EPIC,irrelevant,0.0,0.0,0.0,0.0,24331016,20280,1
HIX,zoverall,0.00029054283085564863,0.00048216809570876014,0.00029054283085564863,0.00025538022968712835,18372632,20651,1156
HIX,relevant,0.00043645886375209136,0.0007243219134706922,0.00043645886375209136,0.0003836369479354687,16583254,13747,1155
HIX,irrelevant,0.0,0.0,0.0,0.0,1789378,6904,1
MV,zoverall,0.001136880400181901,0.001614273151191124,0.001136880400181901,0.0007942566764398944,182751562,13194,1009
MV,relevant,0.0032481593763534,0.004612109128803743,0.0032481593763534,0.0022692556494040635,148565808,4618,1008
MV,irrelevant,0.0,0.0,0.0,0.0,34185754,8576,1
