ehr_name,relevance,accuracy,precision,recall,f1,num_records,support,group_count
EPIC,zoverall,0.003255990390086616,0.005529618553263842,0.003255990390086616,0.0029699293626384185,40003017,31634,1269
EPIC,relevant,0.009945925067593666,0.01689107312803673,0.009945925067593666,0.009072107518125119,13091864,10356,1268
EPIC,irrelevant,0.0,0.0,0.0,0.0,26911153,21278,1
HIX,zoverall,0.004708061590707367,0.015545016090158043,0.004708061590707367,0.005534267519865318,20949773,25913,1170
HIX,relevant,0.006626833242802824,0.021880391197407135,0.006626833242802824,0.007789759600340575,19024328,18410,1169
HIX,irrelevant,0.0,0.0,0.0,0.0,1925445,7503,1
MV,zoverall,0.00424597364568082,0.0042075239184063504,0.00424597364568082,0.003495629088264068,191544477,13660,1016
MV,relevant,0.011912096939823372,0.011804226068069572,0.011912096939823372,0.009807002124807387,156731736,4869,1015
MV,irrelevant,0.0,0.0,0.0,0.0,34812741,8791,1
