ehr_name,relevance,accuracy,precision,recall,f1,num_records,support,group_count
EPIC,zoverall,0.001562042370399297,0.003655020065338823,0.001562042370399297,0.0012910332905289573,39176513,30729,1262
EPIC,relevant,0.00499323832310413,0.011683669155081317,0.00499323832310413,0.004126928324629599,12545519,9613,1261
EPIC,irrelevant,0.0,0.0,0.0,0.0,26630994,21116,1
HIX,zoverall,0.0010565463612543318,0.006414154182707659,0.0010565463612543318,0.0009041709697822024,19961402,23662,1167
HIX,relevant,0.001525320317266626,0.009260019296597232,0.001525320317266626,0.0013053382237331588,18092381,16390,1166
HIX,irrelevant,0.0,0.0,0.0,0.0,1869021,7272,1
MV,zoverall,0.001695915056776287,0.001691021047852853,0.001695915056776287,0.0013977318184511189,188506038,13562,1013
MV,relevant,0.004770794440987347,0.004757027058904873,0.004770794440987347,0.003931972396148948,153735144,4821,1012
MV,irrelevant,0.0,0.0,0.0,0.0,34770894,8741,1
