ehr_name,relevance,accuracy,precision,recall,f1,num_records,support,group_count
EPIC,overall,0.0009859921120631036,0.004008481409672073,0.0009859921120631036,0.001178935558955111,36648384,29412,1250
EPIC,relevant,0.003312014618547282,0.01346476190284091,0.003312014618547282,0.003960124789856982,11852829,8756,1249
EPIC,irrelevant,0.0,0.0,0.0,0.0,24795555,20656,1
HIX,overall,0.0004165895204591742,0.0007590754151493781,0.0004165895204591742,0.00038847461444316896,19088737,21604,1160
HIX,relevant,0.0006175804570095382,0.0011253046914765088,0.0006175804570095382,0.000575901020409677,17282803,14573,1159
HIX,irrelevant,0.0,0.0,0.0,0.0,1805934,7031,1
MV,overall,0.0010499475026248687,0.0013947457941860387,0.0010499475026248687,0.0008107663713072419,185344447,13334,1013
MV,relevant,0.0029850746268656717,0.003965360430634678,0.0029850746268656717,0.002305065841153681,151095988,4690,1012
MV,irrelevant,0.0,0.0,0.0,0.0,34248459,8644,1
