ehr_name,relevance,accuracy,precision,recall,f1,num_records,support,group_count
EPIC,overall,0.0009614428273049763,0.0024181505082501473,0.0009614428273049763,0.0009339721765495332,38546527,30163,1258
EPIC,relevant,0.003144995119835159,0.00791006114091196,0.003144995119835159,0.0030551353173477462,12216983,9221,1257
EPIC,irrelevant,0.0,0.0,0.0,0.0,26329544,20942,1
HIX,overall,0.0011079104808331486,0.0008149489193397397,0.0011079104808331486,0.0008319835510671971,19676427,22565,1163
HIX,relevant,0.0016214813853936956,0.0011927177561876525,0.0016214813853936956,0.0012176487760949088,17844352,15418,1162
HIX,irrelevant,0.0,0.0,0.0,0.0,1832075,7147,1
MV,overall,0.0010402734433050973,0.0014176474443311994,0.0010402734433050973,0.0010399389991878217,186941085,13458,1013
MV,relevant,0.0029399412011759767,0.004006446725285443,0.0029399412011759767,0.0029389960208042218,152234710,4762,1012
MV,irrelevant,0.0,0.0,0.0,0.0,34706375,8696,1
