ehr_name,relevance,accuracy,precision,recall,f1,num_records,support,group_count
EPIC,overall,0.027174752184788317,0.021848189973978614,0.027174752184788317,0.019217837043308882,40199322,32383,1270
EPIC,relevant,0.07965963610029872,0.0640454364014981,0.07965963610029872,0.056334861679503176,13229088,11047,1269
EPIC,irrelevant,0.0,0.0,0.0,0.0,26970234,21336,1
HIX,overall,0.03207391519551229,0.032432216147706555,0.03207391519551229,0.025748551188377593,22062289,30305,1170
HIX,relevant,0.04339285714285714,0.043877603140903894,0.04339285714285714,0.03483526088231174,20098373,22400,1169
HIX,irrelevant,0.0,0.0,0.0,0.0,1963916,7905,1
MV,overall,0.03120898352049001,0.025382343888536323,0.03120898352049001,0.02413559144740296,191714639,13714,1016
MV,relevant,0.0874004492546457,0.07108300267253158,0.0874004492546457,0.06759148480900229,156875787,4897,1015
MV,irrelevant,0.0,0.0,0.0,0.0,34838852,8817,1
