ehr_name,relevance,accuracy,precision,recall,f1,num_records,support,group_count
EPIC,overall,0.004283793502392046,0.005777269825713864,0.004283793502392046,0.003429695482069838,40099557,31981,1270
EPIC,relevant,0.012842144731908511,0.017319353796040035,0.012842144731908511,0.010281692089620875,13164857,10668,1269
EPIC,irrelevant,0.0,0.0,0.0,0.0,26934700,21313,1
HIX,overall,0.008643956524910642,0.01220815669514802,0.008643956524910642,0.007711526775737759,21373800,27418,1170
HIX,relevant,0.012024353120243532,0.016982406913626,0.012024353120243532,0.010727277581794922,19427821,19710,1169
HIX,irrelevant,0.0,0.0,0.0,0.0,1945979,7708,1
MV,overall,0.00576979257960853,0.005704374098801901,0.00576979257960853,0.004628864619680422,191685543,13692,1016
MV,relevant,0.016175266175266174,0.015991869402292306,0.016175266175266174,0.012976743319546345,156868589,4884,1015
MV,irrelevant,0.0,0.0,0.0,0.0,34816954,8808,1
