,zoverall,relevant,irrelevant
1,0.40930903983457534,0.8106583556562951,0.0
2,0.43915119056361385,0.8701200706573382,0.0
3,0.4500985364997454,0.8923477142560479,0.0
4,0.45629628998512667,0.9051944047443923,0.0
5,0.46027061835171984,0.9136082593601199,0.0
6,0.462266683661828,0.9179143312312475,0.0
7,0.4636794248211587,0.9210287874990908,0.0
8,0.4647068324300186,0.9233416340009104,0.0
9,0.4655149132380994,0.9251975175085302,0.0
10,0.4662359861946588,0.9268862629582993,0.0
