,overall,relevant,irrelevant
1,0.3119164419731138,0.6177671278755059,0.0
2,0.33136884770909036,0.656526847858817,0.0
3,0.33921737211137576,0.6724626010731182,0.0
4,0.3438894288850314,0.6821468306018817,0.0
5,0.34710208036003865,0.6889481766277727,0.0
6,0.34866211484832116,0.6923136079059801,0.0
7,0.34971608519255243,0.694637136546051,0.0
8,0.3504771235526341,0.6963503464674947,0.0
9,0.35122094074665106,0.6980586385705315,0.0
10,0.3518652092256163,0.6995675087235238,0.0
