ehr_name,relevance,accuracy,precision,recall,f1,num_records,support,group_count
EPIC,overall,0.030115676106900677,0.07626315304234503,0.030115676106900677,0.03753393599265172,5194379,5014,919
EPIC,relevant,0.030115676106900677,0.07626315304234503,0.030115676106900677,0.03753393599265172,5194379,5014,919
HIX,overall,0.025070449907686327,0.09965950216727978,0.025070449907686327,0.026910429241325754,2776305,10291,939
HIX,relevant,0.025070449907686327,0.09965950216727978,0.025070449907686327,0.026910429241325754,2776305,10291,939
MV,overall,0.03384138465512787,0.06222350027882187,0.03384138465512787,0.03546547130702912,142824103,3871,918
MV,relevant,0.03384138465512787,0.06222350027882187,0.03384138465512787,0.03546547130702912,142824103,3871,918
