ehr_name,relevance,accuracy,precision,recall,f1,num_records,support,group_count
EPIC,zoverall,0.007241298761971502,0.04286176410212851,0.007241298761971502,0.01129301334871643,4725645,4281,870
EPIC,relevant,0.007241298761971502,0.04286176410212851,0.007241298761971502,0.01129301334871643,4725645,4281,870
HIX,zoverall,0.0031262211801484957,0.03043307077722815,0.0031262211801484957,0.0034973349434103294,2637003,7677,919
HIX,relevant,0.0031262211801484957,0.03043307077722815,0.0031262211801484957,0.0034973349434103294,2637003,7677,919
MV,zoverall,0.0067805804176837535,0.017021839926640577,0.0067805804176837535,0.0085735740883398,141155410,3687,907
MV,relevant,0.0067805804176837535,0.017021839926640577,0.0067805804176837535,0.0085735740883398,141155410,3687,907
