ehr_name,relevance,accuracy,precision,recall,f1,num_records,support,group_count
EPIC,zoverall,0.0028011204481792717,0.005377484327064159,0.0028011204481792717,0.0026496752547172714,3773226,3570,793
EPIC,relevant,0.0028011204481792717,0.005377484327064159,0.0028011204481792717,0.0026496752547172714,3773226,3570,793
HIX,zoverall,0.002021458560099518,0.029377180222677754,0.002021458560099518,0.002057414758484059,2460411,6431,882
HIX,relevant,0.002021458560099518,0.029377180222677754,0.002021458560099518,0.002057414758484059,2460411,6431,882
MV,zoverall,0.002880184331797235,0.009520609318996415,0.002880184331797235,0.0030878814188772113,139047325,3472,890
MV,relevant,0.002880184331797235,0.009520609318996415,0.002880184331797235,0.0030878814188772113,139047325,3472,890
