ehr_name,relevance,accuracy,precision,recall,f1,num_records,support,group_count
EPIC,overall,0.006094464195022855,0.022792457934587413,0.006094464195022855,0.007526744281174796,4219663,3938,838
EPIC,relevant,0.006094464195022855,0.022792457934587413,0.006094464195022855,0.007526744281174796,4219663,3938,838
HIX,overall,0.004992867332382311,0.09616202255135284,0.004992867332382311,0.00713553909873407,2560905,7010,905
HIX,relevant,0.004992867332382311,0.09616202255135284,0.004992867332382311,0.00713553909873407,2560905,7010,905
MV,overall,0.007508342602892102,0.018986287001401838,0.007508342602892102,0.009122045482707657,139242517,3596,901
MV,relevant,0.007508342602892102,0.018986287001401838,0.007508342602892102,0.009122045482707657,139242517,3596,901
