ehr_name,relevance,accuracy,precision,recall,f1,num_records,support,group_count
EPIC,overall,0.09089147286821705,0.16780325787135297,0.09089147286821705,0.10552072364323667,5276305,5160,919
EPIC,relevant,0.09089147286821705,0.16780325787135297,0.09089147286821705,0.10552072364323667,5276305,5160,919
HIX,overall,0.0705033469529688,0.16563203412390978,0.0705033469529688,0.07658086064446985,2789613,11503,939
HIX,relevant,0.0705033469529688,0.16563203412390978,0.0705033469529688,0.07658086064446985,2789613,11503,939
MV,overall,0.0711890637090534,0.1389793165292198,0.0711890637090534,0.07643682083101518,143762597,3877,919
MV,relevant,0.0711890637090534,0.1389793165292198,0.0711890637090534,0.07643682083101518,143762597,3877,919
