ehr_name,relevance,accuracy,precision,recall,f1,num_records,support,group_count
EPIC,zoverall,0.01220309435606886,0.03986204064319978,0.01220309435606886,0.01597251185285242,4957092,4589,896
EPIC,relevant,0.01220309435606886,0.03986204064319978,0.01220309435606886,0.01597251185285242,4957092,4589,896
HIX,zoverall,0.01017149615612064,0.12665747211821587,0.01017149615612064,0.013622900406173671,2707686,8455,927
HIX,relevant,0.01017149615612064,0.12665747211821587,0.01017149615612064,0.013622900406173671,2707686,8455,927
MV,zoverall,0.012684989429175475,0.03050295150585848,0.012684989429175475,0.015841554633469753,141327706,3784,916
MV,relevant,0.012684989429175475,0.03050295150585848,0.012684989429175475,0.015841554633469753,141327706,3784,916
