ehr_name,relevance,accuracy,precision,recall,f1,num_records,support,group_count
EPIC,zoverall,0.5463228271251194,0.5522683557851296,0.5463228271251194,0.5213330670846904,5282966,5235,919
EPIC,relevant,0.5463228271251194,0.5522683557851296,0.5463228271251194,0.5213330670846904,5282966,5235,919
HIX,zoverall,0.677006237006237,0.7422941245281554,0.677006237006237,0.65969197168822,2792842,12025,939
HIX,relevant,0.677006237006237,0.7422941245281554,0.677006237006237,0.65969197168822,2792842,12025,939
MV,zoverall,0.547655847501288,0.6168150386626782,0.547655847501288,0.5470634976377644,143763573,3882,919
MV,relevant,0.547655847501288,0.6168150386626782,0.547655847501288,0.5470634976377644,143763573,3882,919
