ehr_name,relevance,accuracy,precision,recall,f1,num_records,support,group_count
EPIC,zoverall,0.0009305210918114144,0.00035153019023986766,0.0009305210918114144,0.0004911083540115799,3090388,3224,745
EPIC,relevant,0.0009305210918114144,0.00035153019023986766,0.0009305210918114144,0.0004911083540115799,3090388,3224,745
HIX,zoverall,0.0019014693171996544,0.04199371933166229,0.0019014693171996544,0.0026598908999280837,2390096,5785,864
HIX,relevant,0.0019014693171996544,0.04199371933166229,0.0019014693171996544,0.0026598908999280837,2390096,5785,864
MV,zoverall,0.0017899761336515514,0.005320639203071496,0.0017899761336515514,0.0019023364348875783,137238491,3352,873
MV,relevant,0.0017899761336515514,0.005320639203071496,0.0017899761336515514,0.0019023364348875783,137238491,3352,873
