ehr_name,relevance,accuracy,precision,recall,f1,num_records,support,group_count
EPIC,overall,0.015708970649028525,0.05048262293588116,0.015708970649028525,0.020563893329080502,5156504,4838,911
EPIC,relevant,0.015708970649028525,0.05048262293588116,0.015708970649028525,0.020563893329080502,5156504,4838,911
HIX,overall,0.016950994241008367,0.11748206322540726,0.016950994241008367,0.021751485620458644,2747120,9203,935
HIX,relevant,0.016950994241008367,0.11748206322540726,0.016950994241008367,0.021751485620458644,2747120,9203,935
MV,overall,0.018980759230369213,0.04229760305601383,0.018980759230369213,0.021163619782756705,142798329,3846,918
MV,relevant,0.018980759230369213,0.04229760305601383,0.018980759230369213,0.021163619782756705,142798329,3846,918
