ehr_name,relevance,accuracy,precision,recall,f1,num_records,support,group_count
EPIC,zoverall,0.0017349063150589867,0.00147274269411674,0.0017349063150589867,0.0012353968816763124,2453363,2882,678
EPIC,relevant,0.0017349063150589867,0.00147274269411674,0.0017349063150589867,0.0012353968816763124,2453363,2882,678
HIX,zoverall,0.0007601672367920942,0.0034207525655644243,0.0007601672367920942,0.0010514001391994552,2322322,5262,832
HIX,relevant,0.0007601672367920942,0.0034207525655644243,0.0007601672367920942,0.0010514001391994552,2322322,5262,832
MV,zoverall,0.0015581177937052041,0.003474602679962605,0.0015581177937052041,0.001914259003694965,134579459,3209,857
MV,relevant,0.0015581177937052041,0.003474602679962605,0.0015581177937052041,0.001914259003694965,134579459,3209,857
