ehr_name,relevance,accuracy,precision,recall,f1,num_records,support,group_count
EPIC,overall,0.022927940757618913,0.05816387924917632,0.022927940757618913,0.020030737662823643,39005184,28088,1269
EPIC,relevant,0.05441741357234315,0.049578274970978845,0.05441741357234315,0.042878485205939794,13102686,10934,1268
EPIC,irrelevant,0.00285647662352804,0.06363636363636363,0.00285647662352804,0.0054675295692925684,25902498,17154,1
HIX,overall,0.025397912031490673,0.042235270234223354,0.025397912031490673,0.024800401901906546,21810145,29215,1170
HIX,relevant,0.02923069907428519,0.0400331511210265,0.02923069907428519,0.025864629522489396,19932874,21929,1169
HIX,irrelevant,0.013862201482294813,0.04886308659893566,0.013862201482294813,0.021597348444349407,1877271,7286,1
MV,overall,0.030204803300427286,0.13121467965797007,0.030204803300427286,0.03013529795253094,191685253,13574,1016
MV,relevant,0.06800081682662855,0.06052214632758318,0.06800081682662855,0.053634754087789414,156875787,4897,1015
MV,irrelevant,0.008874034804655987,0.1711111111111111,0.008874034804655987,0.016873014133888465,34809466,8677,1
