ehr_name,relevance,accuracy,precision,recall,f1,num_records,support,group_count
EPIC,overall,0.004108610217934977,0.06785656019370603,0.004108610217934977,0.004231402980204839,27542882,16794,1248
EPIC,relevant,0.006702127659574468,0.020815763646391258,0.006702127659574468,0.006291274246117349,10993155,9400,1247
EPIC,irrelevant,0.0008114687584527996,0.1276595744680851,0.0008114687584527996,0.001612686466872732,16549727,7394,1
HIX,overall,0.0009134406263592867,0.017471963002757055,0.0009134406263592867,0.0010894990112503785,20276974,22990,1169
HIX,relevant,0.0009430625957797949,0.002789548995456448,0.0009430625957797949,0.0008951267973552145,18656564,16966,1168
HIX,irrelevant,0.0008300132802124834,0.05882352941176471,0.0008300132802124834,0.001636929120969062,1620410,6024,1
MV,overall,0.0023832221163012394,0.12184849799096893,0.0023832221163012394,0.0024674715711009557,185000557,12588,1015
MV,relevant,0.005189952252439277,0.008180572096167727,0.005189952252439277,0.004379048846958241,151010574,4817,1014
MV,irrelevant,0.0006434178355424012,0.19230769230769232,0.0006434178355424012,0.0012825445684237526,33989983,7771,1
