ehr_name,relevance,accuracy,precision,recall,f1,num_records,support,group_count
EPIC,overall,0.0836657262379609,0.14891509714488121,0.0836657262379609,0.07745581805194246,40034387,30837,1269
EPIC,relevant,0.18574396964495438,0.13684375191898304,0.18574396964495438,0.1348802237936231,13228262,11069,1268
EPIC,irrelevant,0.02650748684743019,0.1556743909685086,0.02650748684743019,0.045301288147315634,26806125,19768,1
HIX,overall,0.11191347644013586,0.11915959855402014,0.11191347644013586,0.10485289733611418,22026934,30327,1170
HIX,relevant,0.1255130411756918,0.13404692976345514,0.1255130411756918,0.11549454674210918,20070423,22659,1169
HIX,irrelevant,0.07172665623369849,0.07516741834085007,0.07172665623369849,0.07340674007340674,1956511,7668,1
MV,overall,0.1046664716208309,0.19481320546629094,0.1046664716208309,0.11344073093874148,191740583,13672,1016
MV,relevant,0.19452949581547255,0.1744000936627583,0.19452949581547255,0.16222985010618346,156909148,4899,1015
MV,irrelevant,0.05448535278695999,0.20621225194132872,0.05448535278695999,0.08619601478676403,34831435,8773,1
