ehr_name,relevance,accuracy,precision,recall,f1,num_records,support,group_count
EPIC,overall,0.0015167238764269178,0.025910902883467368,0.0015167238764269178,0.001747697417451905,17994538,12527,1196
EPIC,relevant,0.0022724403484408536,0.008672767520806316,0.0022724403484408536,0.0025124594136533315,7695966,7921,1195
EPIC,irrelevant,0.00021710811984368216,0.05555555555555555,0.00021710811984368216,0.0004325259515570934,10298572,4606,1
HIX,overall,0.0006175063037101837,0.011770150202300775,0.0006175063037101837,0.0006016582812394486,18991758,19433,1159
HIX,relevant,0.000771875657848572,0.002582513715204901,0.000771875657848572,0.0006808218407404429,17525728,14251,1158
HIX,irrelevant,0.00019297568506368199,0.037037037037037035,0.00019297568506368199,0.0003839508542906508,1466030,5182,1
MV,overall,0.0014062225347161188,0.1517585227685807,0.0014062225347161188,0.0017269262117035667,176621951,11378,1009
MV,relevant,0.0028433945756780404,0.005513664055317385,0.0028433945756780404,0.0029876480136418835,144466887,4572,1008
MV,irrelevant,0.0004407875404055245,0.25,0.0004407875404055245,0.000880023467292461,32155064,6806,1
