ehr_name,relevance,accuracy,precision,recall,f1,num_records,support,group_count
EPIC,zoverall,0.006349647756766778,0.055578061076387894,0.006349647756766778,0.006230059100228211,34317839,21576,1264
EPIC,relevant,0.011647093079685528,0.013623429150298601,0.011647093079685528,0.009798799834952777,12477573,10303,1263
EPIC,irrelevant,0.001508028031579881,0.09392265193370165,0.001508028031579881,0.0029683953204120827,21840266,11273,1
HIX,zoverall,0.008912108174554395,0.020460078782258723,0.008912108174554395,0.009577512910169724,21153071,26032,1170
HIX,relevant,0.01152441220352935,0.01953435379059911,0.01152441220352935,0.012044924892037331,19450715,19437,1169
HIX,irrelevant,0.0012130401819560274,0.02318840579710145,0.0012130401819560274,0.0023054755043227667,1702356,6595,1
MV,zoverall,0.006748559296329998,0.0774720132010061,0.006748559296329998,0.006413876850927472,191564778,13188,1016
MV,relevant,0.015980331899200985,0.018291854691237397,0.015980331899200985,0.012874968631388125,156848457,4881,1015
MV,irrelevant,0.0013241844227759722,0.11224489795918367,0.0013241844227759722,0.002617489589530042,34716321,8307,1
