ehr_name,relevance,accuracy,precision,recall,f1,num_records,support,group_count
EPIC,overall,0.011222396524677205,0.03971692774914722,0.011222396524677205,0.009666212280984077,37437233,24861,1269
EPIC,relevant,0.024871435250116876,0.02783283811995302,0.024871435250116876,0.020083467471019974,12888059,10695,1268
EPIC,irrelevant,0.0009176902442467881,0.04868913857677903,0.0009176902442467881,0.0018014272846947968,24549174,14166,1
HIX,overall,0.013093348723127975,0.02959077692094527,0.013093348723127975,0.012920016762954985,21488517,27724,1170
HIX,relevant,0.015274508862097122,0.018959797032747965,0.015274508862097122,0.013295530659069783,19724032,20819,1169
HIX,irrelevant,0.0065170166545981175,0.06164383561643835,0.0065170166545981175,0.011787819253438116,1764485,6905,1
MV,overall,0.010954616588419406,0.09465307953907671,0.010954616588419406,0.0109556414230275,191668392,13419,1016
MV,relevant,0.025546699366441855,0.025836494383363443,0.025546699366441855,0.021222998569883803,156875620,4893,1015
MV,irrelevant,0.0025803424818203143,0.13414634146341464,0.0025803424818203143,0.005063291139240506,34792772,8526,1
