ehr_name,relevance,accuracy,precision,recall,f1,num_records,support,group_count
EPIC,overall,0.8350035459899479,0.7856240244047367,0.8350035459899479,0.8005352603048942,40202721,32431,1270
EPIC,relevant,0.5795925725617451,0.6503502046784907,0.5795925725617451,0.5929817685695868,13232386,11094,1269
EPIC,irrelevant,0.9678024089609598,0.8559585492227979,0.9678024089609598,0.9084510140336984,26970335,21337,1
HIX,overall,0.7960836613212764,0.7914276834712165,0.7960836613212764,0.7761244405583803,22173965,30743,1170
HIX,relevant,0.7619151918696337,0.8388838654729388,0.7619151918696337,0.7831047927332964,20206500,22828,1169
HIX,irrelevant,0.8946304485154769,0.6545572194490664,0.8946304485154769,0.7559920995035498,1967465,7915,1
MV,overall,0.781470952693345,0.7537587490031195,0.781470952693345,0.7535194945073109,191828757,13719,1016
MV,relevant,0.5259077927376581,0.6193848757505455,0.5259077927376581,0.5378396944937747,156989905,4902,1015
MV,irrelevant,0.9235567653396847,0.8284667819717163,0.9235567653396847,0.87343129893811,34838852,8817,1
