ehr_name,relevance,accuracy,precision,recall,f1,num_records,support,group_count
EPIC,overall,0.0024682395644283124,0.00677924772113591,0.0024682395644283124,0.0024241957221142487,20703194,13775,1209
EPIC,relevant,0.0040380047505938245,0.011090752655421279,0.0040380047505938245,0.0039659496522712325,9170517,8420,1208
EPIC,irrelevant,0.0,0.0,0.0,0.0,11532677,5355,1
HIX,overall,0.0008249623914203912,0.00926503580183155,0.0008249623914203912,0.0007786009060131795,19560766,20607,1164
HIX,relevant,0.001057152296002643,0.0031004025615026603,0.001057152296002643,0.0009288683167269155,18056315,15135,1163
HIX,irrelevant,0.0001827485380116959,0.02631578947368421,0.0001827485380116959,0.00036297640653357535,1504451,5472,1
MV,overall,0.001947996950961294,0.08219866018764074,0.001947996950961294,0.0017678457879092186,181711639,11807,1013
MV,relevant,0.004477611940298508,0.004602611407705974,0.004477611940298508,0.003599438807096173,149267474,4690,1012
MV,irrelevant,0.0002810172825628776,0.13333333333333333,0.0002810172825628776,0.0005608524957936062,32444165,7117,1
