ehr_name,relevance,accuracy,precision,recall,f1,num_records,support,group_count
EPIC,zoverall,0.004994742376445847,0.07701432715585287,0.004994742376445847,0.005211823103797905,30517608,19020,1257
EPIC,relevant,0.00874161414921732,0.01556192486176417,0.00874161414921732,0.008258948600530466,11772220,9838,1256
EPIC,irrelevant,0.000980178610324548,0.14285714285714285,0.000980178610324548,0.0019469983775013521,18745388,9182,1
HIX,zoverall,0.004776875025517495,0.033673428561442655,0.004776875025517495,0.006255253902581011,20670479,24493,1170
HIX,relevant,0.0056615181663277085,0.02021483356799677,0.0056615181663277085,0.0069280610539124,19003000,18193,1169
HIX,irrelevant,0.0022222222222222222,0.07253886010362694,0.0022222222222222222,0.004312336362236255,1667479,6300,1
MV,zoverall,0.003254552499031383,0.06791178781479254,0.003254552499031383,0.0029294831246298343,189606596,12905,1015
MV,relevant,0.008037922506183017,0.008930885456029727,0.008037922506183017,0.006559461881239213,155436725,4852,1014
MV,irrelevant,0.00037253197566124423,0.10344827586206896,0.00037253197566124423,0.0007423904974016332,34169871,8053,1
