ehr_name,relevance,accuracy,precision,recall,f1,num_records,support,group_count
EPIC,overall,0.003111758474576271,0.012200795477225525,0.003111758474576271,0.003285040253658221,23772356,15104,1227
EPIC,relevant,0.005274379979800247,0.02068014980226847,0.005274379979800247,0.005568089775698998,10116357,8911,1226
EPIC,irrelevant,0.0,0.0,0.0,0.0,13655999,6193,1
HIX,overall,0.0005974539271106209,0.01756347924104279,0.0005974539271106209,0.0007261449680108155,19872357,21759,1167
HIX,relevant,0.0006255082254331644,0.0030752326769156236,0.0006255082254331644,0.0006163607798535537,18327410,15987,1166
HIX,irrelevant,0.0005197505197505198,0.057692307692307696,0.0005197505197505198,0.0010302197802197802,1544947,5772,1
MV,overall,0.0022933901220411174,0.003647807991517791,0.0022933901220411174,0.00211047118800801,184642131,12209,1015
MV,relevant,0.005883588989283463,0.009358286986434273,0.005883588989283463,0.005414318708634123,150828058,4759,1014
MV,irrelevant,0.0,0.0,0.0,0.0,33814073,7450,1
