ehr_name,relevance,accuracy,precision,recall,f1,num_records,support,group_count
EPIC,overall,0.0196078431372549,0.08142798630430428,0.0196078431372549,0.02254833112309479,10850684,1479,298
EPIC,relevant,0.031862745098039214,0.05383822517655153,0.031862745098039214,0.0337933784624961,4495238,816,297
EPIC,irrelevant,0.004524886877828055,0.11538461538461539,0.004524886877828055,0.008708272859216257,6355446,663,1
HIX,overall,0.012763596004439512,0.05929172412246774,0.012763596004439512,0.015180526408675484,10084455,1802,291
HIX,relevant,0.013398294762484775,0.06359284070916227,0.013398294762484775,0.015797429588851036,9246114,1642,290
HIX,irrelevant,0.00625,0.015151515151515152,0.00625,0.008849557522123895,838341,160,1
MV,overall,0.026519337016574586,0.05697663312385443,0.026519337016574586,0.029734791385598005,156043302,1810,407
MV,relevant,0.031578947368421054,0.056477647109226044,0.031578947368421054,0.03405039106688962,134947417,1425,406
MV,irrelevant,0.007792207792207792,0.05882352941176471,0.007792207792207792,0.013761467889908256,21095885,385,1
