ehr_name,relevance,accuracy,precision,recall,f1,num_records,support,group_count
EPIC,overall,0.01118210862619808,0.024610035707573762,0.01118210862619808,0.010293096263369913,3866064,626,200
EPIC,relevant,0.015765765765765764,0.03469793322734499,0.015765765765765764,0.014512338425381903,1310655,444,199
EPIC,irrelevant,0.0,0.0,0.0,0.0,2555409,182,1
HIX,overall,0.0013651877133105802,0.0034129692832764505,0.0013651877133105802,0.0019502681618722578,9323628,1465,279
HIX,relevant,0.001514004542013626,0.003785011355034065,0.001514004542013626,0.0021628636314480376,8488753,1321,278
HIX,irrelevant,0.0,0.0,0.0,0.0,834875,144,1
MV,overall,0.0018645121193287758,0.011808576755748913,0.0018645121193287758,0.0030463114676912064,146632715,1609,383
MV,relevant,0.0023455824863174357,0.014855355746677092,0.0023455824863174357,0.003832302698604497,126027802,1279,382
MV,irrelevant,0.0,0.0,0.0,0.0,20604913,330,1
