ehr_name,relevance,accuracy,precision,recall,f1,num_records,support,group_count
EPIC,zoverall,0.010683760683760684,0.01295967104790634,0.010683760683760684,0.009673564801769929,7340123,936,255
EPIC,relevant,0.01658374792703151,0.02011650431316805,0.01658374792703151,0.01501568267737422,2784213,603,254
EPIC,irrelevant,0.0,0.0,0.0,0.0,4555910,333,1
HIX,zoverall,0.00426049908703591,0.02211681100991883,0.00426049908703591,0.004672777814167792,9644272,1643,288
HIX,relevant,0.004710632570659489,0.024453513115273644,0.004710632570659489,0.005166469682824819,8807029,1486,287
HIX,irrelevant,0.0,0.0,0.0,0.0,837243,157,1
MV,zoverall,0.006868918145392101,0.012215232181294909,0.006868918145392101,0.006103600570165101,153686901,1747,400
MV,relevant,0.008639308855291577,0.015363578560635138,0.008639308855291577,0.007676738802072304,132636471,1389,399
MV,irrelevant,0.0,0.0,0.0,0.0,21050430,358,1
