ehr_name,relevance,accuracy,precision,recall,f1,num_records,support,group_count
EPIC,zoverall,0.614768174012593,0.5611302878711629,0.614768174012593,0.5600080502734986,12527491,1747,305
EPIC,relevant,0.3716915995397008,0.4784334338398296,0.3716915995397008,0.3840975709384293,4808727,869,304
EPIC,irrelevant,0.8553530751708428,0.6429794520547946,0.8553530751708428,0.734115347018573,7718764,878,1
HIX,zoverall,0.6814494321254733,0.7216725180377639,0.6814494321254733,0.6620833463498267,10397471,1849,291
HIX,relevant,0.6575829383886256,0.7645397421581138,0.6575829383886256,0.6850444483111044,9558935,1688,290
HIX,irrelevant,0.9316770186335404,0.27223230490018147,0.9316770186335404,0.42134831460674144,838536,161,1
MV,zoverall,0.5019283746556474,0.5324845412294632,0.5019283746556474,0.46689597871380545,156044559,1815,407
MV,relevant,0.43899018232819076,0.582113694725343,0.43899018232819076,0.4649008746767306,134947671,1426,406
MV,irrelevant,0.7326478149100257,0.35055350553505543,0.7326478149100257,0.47420965058236275,21096888,389,1
