ehr_name,relevance,accuracy,precision,recall,f1,num_records,support,group_count
EPIC,overall,0.01391465677179963,0.028153988868274585,0.01391465677179963,0.013603233501192687,8115899,1078,269
EPIC,relevant,0.022488755622188907,0.04550224887556222,0.022488755622188907,0.021985435853501822,3239819,667,268
EPIC,irrelevant,0.0,0.0,0.0,0.0,4876080,411,1
HIX,overall,0.006642512077294686,0.017512077294685992,0.006642512077294686,0.0076489533011272134,9656359,1656,289
HIX,relevant,0.007348029392117568,0.019372077488309953,0.007348029392117568,0.008461367178802049,8818264,1497,288
HIX,irrelevant,0.0,0.0,0.0,0.0,838095,159,1
MV,overall,0.009003939223410242,0.0242373587705705,0.009003939223410242,0.01003541742788967,154666708,1777,405
MV,relevant,0.0099361249112846,0.012555341512048396,0.0099361249112846,0.010024931302433076,133607470,1409,404
MV,irrelevant,0.005434782608695652,0.06896551724137931,0.005434782608695652,0.010075566750629723,21059238,368,1
