ehr_name,relevance,accuracy,precision,recall,f1,num_records,support,group_count
EPIC,overall,0.009776536312849162,0.07445464219207236,0.009776536312849162,0.01326480202971384,4370552,716,225
EPIC,relevant,0.012170385395537525,0.03274413213561286,0.012170385395537525,0.015314401622718054,1624014,493,224
EPIC,irrelevant,0.004484304932735426,0.16666666666666666,0.004484304932735426,0.008733624454148471,2746538,223,1
HIX,overall,0.0006485084306095979,0.001621271076523995,0.0006485084306095979,0.0009264406151565686,9480048,1542,282
HIX,relevant,0.0007173601147776184,0.001793400286944046,0.0007173601147776184,0.0010248001639680264,8644609,1394,281
HIX,irrelevant,0.0,0.0,0.0,0.0,835439,148,1
MV,overall,0.003599280143971206,0.030963038161598448,0.003599280143971206,0.0057748715061820685,151992928,1667,390
MV,relevant,0.003785011355034065,0.018925056775170326,0.003785011355034065,0.00582826207353081,130966592,1321,389
MV,irrelevant,0.002890173410404624,0.07692307692307693,0.002890173410404624,0.005571030640668524,21026336,346,1
