ehr_name,relevance,accuracy,precision,recall,f1,num_records,support,group_count
EPIC,overall,0.14509576320371445,0.24475173130068256,0.14509576320371445,0.16063362925060046,12299196,1723,304
EPIC,relevant,0.20207852193995382,0.23536475415574215,0.20207852193995382,0.19074272694239944,4738156,866,303
EPIC,irrelevant,0.08751458576429405,0.2542372881355932,0.08751458576429405,0.13020833333333334,7561040,857,1
HIX,overall,0.12703583061889254,0.20465954997404157,0.12703583061889254,0.13857775534927871,10339810,1842,291
HIX,relevant,0.1356335514574658,0.22320860219093028,0.1356335514574658,0.1502245996942562,9501274,1681,290
HIX,irrelevant,0.037267080745341616,0.01098901098901099,0.037267080745341616,0.016973125884016973,838536,161,1
MV,overall,0.15049614112458654,0.26062089038548664,0.15049614112458654,0.16964525032518313,156044457,1814,407
MV,relevant,0.16339410939691446,0.30707565965279854,0.16339410939691446,0.18967291649917065,134947671,1426,406
MV,irrelevant,0.10309278350515463,0.0898876404494382,0.10309278350515463,0.09603841536614646,21096786,388,1
