ehr_name,relevance,accuracy,precision,recall,f1,num_records,support,group_count
EPIC,zoverall,0.03885853066180935,0.12990033577045848,0.03885853066180935,0.044159828628197166,11916005,1647,302
EPIC,relevant,0.059718969555035126,0.0957601713668366,0.059718969555035126,0.057446833676341874,4709277,854,301
EPIC,irrelevant,0.01639344262295082,0.16666666666666666,0.01639344262295082,0.02985074626865672,7206728,793,1
HIX,zoverall,0.029009304871373837,0.07574262472373129,0.029009304871373837,0.0356939127853828,10177258,1827,291
HIX,relevant,0.030612244897959183,0.08205036704436465,0.030612244897959183,0.03804515798580368,9338722,1666,290
HIX,irrelevant,0.012422360248447204,0.010471204188481676,0.012422360248447204,0.011363636363636362,838536,161,1
MV,zoverall,0.05684326710816777,0.10335932592575055,0.05684326710816777,0.06631026510964981,156044003,1812,407
MV,relevant,0.05820476858345021,0.09872445615783622,0.05820476858345021,0.06464459038284139,134947671,1426,406
MV,irrelevant,0.05181347150259067,0.12048192771084339,0.05181347150259067,0.07246376811594203,21096332,386,1
