ehr_name,relevance,accuracy,precision,recall,f1,num_records,support,group_count
EPIC,overall,0.0156128024980484,0.047879260994015085,0.0156128024980484,0.018981239092214663,9275064,1281,284
EPIC,relevant,0.02540106951871658,0.04240938799762329,0.02540106951871658,0.02992019121698266,3868442,748,283
EPIC,irrelevant,0.001876172607879925,0.05555555555555555,0.001876172607879925,0.0036297640653357535,5406622,533,1
HIX,overall,0.009307737056428156,0.022706496528486053,0.009307737056428156,0.009718668398745554,9887061,1719,290
HIX,relevant,0.010256410256410256,0.025020812520812518,0.010256410256410256,0.010709224985540774,9048966,1560,289
HIX,irrelevant,0.0,0.0,0.0,0.0,838095,159,1
MV,overall,0.013340744858254584,0.047365127262689405,0.013340744858254584,0.0150737411359953,154696001,1799,406
MV,relevant,0.01620859760394644,0.054584046444511564,0.01620859760394644,0.017861943997247196,133630242,1419,405
MV,irrelevant,0.002631578947368421,0.02040816326530612,0.002631578947368421,0.004662004662004662,21065759,380,1
