ehr_name,relevance,accuracy,precision,recall,f1,num_records,support,group_count
EPIC,zoverall,0.00620347394540943,0.013027295285359801,0.00620347394540943,0.0075682382133995035,5273449,806,242
EPIC,relevant,0.009259259259259259,0.019444444444444445,0.009259259259259259,0.011296296296296296,2090552,540,241
EPIC,irrelevant,0.0,0.0,0.0,0.0,3182897,266,1
HIX,zoverall,0.0037641154328732747,0.05705921013323773,0.0037641154328732747,0.005110086378877365,9536725,1594,285
HIX,relevant,0.003479471120389701,0.008665539980780065,0.003479471120389701,0.00429410920016348,8699482,1437,284
HIX,irrelevant,0.006369426751592357,0.5,0.006369426751592357,0.012578616352201259,837243,157,1
MV,zoverall,0.002927400468384075,0.002615144418423107,0.002927400468384075,0.002428133926962967,152971383,1708,396
MV,relevant,0.003692762186115214,0.0032988675529295915,0.003692762186115214,0.003062963624263477,131928601,1354,395
MV,irrelevant,0.0,0.0,0.0,0.0,21042782,354,1
