ehr_name,relevance,accuracy,precision,recall,f1,num_records,support,group_count
EPIC,overall,0.07161765413678586,0.24172943198557492,0.07161765413678586,0.08297100211312931,17044560,20777,1058
EPIC,relevant,0.15472235405790222,0.14223330227278977,0.15472235405790222,0.1291190239054983,5599571,6321,1057
EPIC,irrelevant,0.03527946873270614,0.28523489932885904,0.03527946873270614,0.0627924156611672,11444989,14456,1
HIX,overall,0.11404557042702358,0.13957837616665644,0.11404557042702358,0.112070309171116,15633447,25104,1094
HIX,relevant,0.12969973551833222,0.16251809558016864,0.12969973551833222,0.12691950024427737,14130520,19283,1093
HIX,irrelevant,0.06218862738361106,0.06358686105743896,0.06218862738361106,0.0628799722077471,1502927,5821,1
MV,overall,0.09955847978529997,0.25623657485275064,0.09955847978529997,0.1234334088138148,180784245,11551,930
MV,relevant,0.14352392065344224,0.17790591208286005,0.14352392065344224,0.13192042672267426,151894265,4285,929
MV,irrelevant,0.07363060831268924,0.30243075183719614,0.07363060831268924,0.11842833425567238,28889980,7266,1
