ehr_name,relevance,accuracy,precision,recall,f1,num_records,support,group_count
EPIC,zoverall,0.004422604422604423,0.027129024957972328,0.004422604422604423,0.006337628854903004,7146980,8140,920
EPIC,relevant,0.007814195789016714,0.04793363645710761,0.007814195789016714,0.01119780744061438,2537563,4607,919
EPIC,irrelevant,0.0,0.0,0.0,0.0,4609417,3533,1
HIX,zoverall,0.0010975046210720887,0.023744492769145184,0.0010975046210720887,0.0014655067640790258,14075265,17312,1080
HIX,relevant,0.0012319063751154912,0.007869380656167121,0.0012319063751154912,0.0014958863439652704,12772476,12988,1079
HIX,irrelevant,0.0006938020351526364,0.07142857142857142,0.0006938020351526364,0.001374255611543747,1302789,4324,1
MV,zoverall,0.0012314104385715639,0.22432667108711443,0.0012314104385715639,0.0014605221669847924,177435434,10557,917
MV,relevant,0.0022102161100196463,0.0024643537536464845,0.0022102161100196463,0.00182521594177014,148817940,4072,916
MV,irrelevant,0.0006168080185042405,0.3636363636363637,0.0006168080185042405,0.0012315270935960591,28617494,6485,1
