ehr_name,relevance,accuracy,precision,recall,f1,num_records,support,group_count
EPIC,overall,0.0022498875056247186,0.060698846010080444,0.0022498875056247186,0.0028677395384209344,4361551,6667,839
EPIC,relevant,0.003548795944233207,0.025915022029090472,0.003548795944233207,0.004341143344730769,1449977,3945,838
EPIC,irrelevant,0.0003673769287288758,0.11111111111111109,0.0003673769287288758,0.0007323324789454412,2911574,2722,1
HIX,overall,0.0008525708289611753,0.0036406948148177366,0.0008525708289611753,0.0010593803366109001,13624598,15248,1056
HIX,relevant,0.001148105625717566,0.004902703747800128,0.001148105625717566,0.0014266034948903124,12351179,11323,1055
HIX,irrelevant,0.0,0.0,0.0,0.0,1273419,3925,1
MV,overall,0.0009207161125319693,0.07094547964113182,0.0009207161125319693,0.0012188977739184912,169117353,9775,901
MV,relevant,0.0020887728459530026,0.008599610427286667,0.0020887728459530026,0.002589490579046715,141414241,3830,900
MV,irrelevant,0.0001682085786375105,0.1111111111111111,0.0001682085786375105,0.0003359086328518643,27703112,5945,1
