ehr_name,relevance,accuracy,precision,recall,f1,num_records,support,group_count
EPIC,zoverall,0.0030218001295057202,0.04051224124986078,0.0030218001295057202,0.003953761792467321,9362962,9266,954
EPIC,relevant,0.005206247496996396,0.014065592766990964,0.005206247496996396,0.006540168858756528,3270797,4994,953
EPIC,irrelevant,0.00046816479400749064,0.07142857142857142,0.00046816479400749064,0.0009302325581395348,6092165,4272,1
HIX,zoverall,0.0016273393002441008,0.030998300738067287,0.0016273393002441008,0.0019489784517077993,14245991,18435,1084
HIX,relevant,0.0020867813197092897,0.03122533802915154,0.0020867813197092897,0.002442531237740218,12927031,13897,1083
HIX,irrelevant,0.00022036139268400177,0.030303030303030307,0.00022036139268400177,0.00043754101947057533,1318960,4538,1
MV,zoverall,0.002485043718361712,0.1215413071103361,0.002485043718361712,0.0025903902561645524,178254966,10865,926
MV,relevant,0.0057443752991862135,0.015972666767305348,0.0057443752991862135,0.00530371280005396,149550365,4178,925
MV,irrelevant,0.00044863167339614175,0.1875,0.00044863167339614175,0.0008951215873489483,28704601,6687,1
