ehr_name,relevance,accuracy,precision,recall,f1,num_records,support,group_count
EPIC,zoverall,0.008690499703732965,0.0711902134048874,0.008690499703732965,0.00944359791527239,14550814,15189,1045
EPIC,relevant,0.01948376353039134,0.03668745235750785,0.01948376353039134,0.01897627100170014,5240057,6005,1044
EPIC,irrelevant,0.0016332752613240418,0.09375,0.0016332752613240418,0.003210616438356164,9310757,9184,1
HIX,zoverall,0.011617202226995747,0.07175132188455335,0.011617202226995747,0.015033368772718634,15169324,22811,1094
HIX,relevant,0.013713440309548196,0.07638375528919657,0.013713440309548196,0.01698786953125534,13729505,17574,1093
HIX,irrelevant,0.004582776398701547,0.05620608899297424,0.004582776398701547,0.00847457627118644,1439819,5237,1
MV,zoverall,0.010049812112208336,0.1259398125482273,0.010049812112208336,0.011442448491605592,180778165,11443,929
MV,relevant,0.020804114071996258,0.028032632358695627,0.020804114071996258,0.018686184387167838,151893741,4278,928
MV,irrelevant,0.0036287508722958827,0.18439716312056736,0.0036287508722958827,0.0071174377224199285,28884424,7165,1
