ehr_name,relevance,accuracy,precision,recall,f1,num_records,support,group_count
EPIC,overall,0.0018972760536658084,0.047131088634002304,0.0018972760536658084,0.0027819557336585727,5867469,7379,880
EPIC,relevant,0.002810304449648712,0.020772124050812572,0.002810304449648712,0.003877914031915485,1800840,4270,879
EPIC,irrelevant,0.000643293663557414,0.08333333333333333,0.000643293663557414,0.0012767315671879987,4066629,3109,1
HIX,overall,0.001104497760323986,0.04360876952222086,0.001104497760323986,0.0017825220123233389,13877850,16297,1068
HIX,relevant,0.0004924086992203529,0.004330908239937094,0.0004924086992203529,0.0004497056473281492,12592111,12185,1067
HIX,irrelevant,0.0029182879377431907,0.16,0.0029182879377431907,0.005732027704800574,1285739,4112,1
MV,overall,0.0013743005791695298,0.1058211445960538,0.0013743005791695298,0.0023776425038172628,174935799,10187,911
MV,relevant,0.0020222446916076846,0.009984833164812943,0.0020222446916076846,0.0031066675151609426,146402894,3956,910
MV,irrelevant,0.0009629272989889263,0.16666666666666666,0.0009629272989889263,0.0019147917663954045,28532905,6231,1
