ehr_name,relevance,accuracy,precision,recall,f1,num_records,support,group_count
EPIC,overall,0.009395847035610262,0.08933155440112886,0.009395847035610262,0.012574531584250759,10677087,10643,987
EPIC,relevant,0.018157993260950956,0.05393686512377659,0.018157993260950956,0.023934440641089846,3824339,5342,986
EPIC,irrelevant,0.0005659309564233164,0.125,0.0005659309564233164,0.0011267605633802818,6852748,5301,1
HIX,overall,0.00235595390524968,0.015497879974366658,0.00235595390524968,0.0025766154655174657,14337506,19525,1089
HIX,relevant,0.0029091401123063393,0.01138840102537804,0.0029091401123063393,0.0030065321009977047,12999354,14781,1088
HIX,irrelevant,0.0006323777403035413,0.02830188679245283,0.0006323777403035413,0.0012371134020618558,1338152,4744,1
MV,overall,0.004497211728728188,0.113132946712572,0.004497211728728188,0.005007226016351285,179283024,11118,928
MV,relevant,0.009919697685403874,0.014311457308934282,0.009919697685403874,0.009394554500708195,150525634,4234,927
MV,irrelevant,0.0011621150493898896,0.17391304347826086,0.0011621150493898896,0.0023088023088023084,28757390,6884,1
