ehr_name,relevance,accuracy,precision,recall,f1,num_records,support,group_count
EPIC,overall,0.016224188790560472,0.1400509919243931,0.016224188790560472,0.0184753850096309,16189188,18306,1053
EPIC,relevant,0.03479381443298969,0.0389248543947538,0.03479381443298969,0.029263978958261085,5492484,6208,1052
EPIC,irrelevant,0.006695321540750537,0.19194312796208532,0.006695321540750537,0.012939297124600636,10696704,12098,1
HIX,overall,0.031728981615368725,0.0748857976963341,0.031728981615368725,0.03858332241709503,15424934,24205,1094
HIX,relevant,0.037522749170324374,0.082835798290845,0.037522749170324374,0.04426429697165266,13956595,18682,1093
HIX,irrelevant,0.012131088176715554,0.04799426934097421,0.012131088176715554,0.019366960543431132,1468339,5523,1
MV,overall,0.029506204981341665,0.18856214744137692,0.029506204981341665,0.03838735410724984,180783344,11523,930
MV,relevant,0.04831932773109244,0.06565712006854951,0.04831932773109244,0.0452409394320821,151894253,4284,929
MV,irrelevant,0.01837270341207349,0.26129666011787817,0.01837270341207349,0.034331440371708835,28889091,7239,1
