ehr_name,relevance,accuracy,precision,recall,f1,num_records,support,group_count
EPIC,overall,0.8161801884624225,0.783864199468343,0.8161801884624225,0.7862705840829282,17479756,21755,1059
EPIC,relevant,0.49128591615638245,0.6155601273623766,0.49128591615638245,0.5127676248331651,5797728,6369,1058
EPIC,irrelevant,0.9506694397504225,0.8535332905409349,0.9506694397504225,0.8994865172339576,11682028,15386,1
HIX,overall,0.7515696123057605,0.7727475632645273,0.7515696123057605,0.7229535472375512,15718853,25484,1094
HIX,relevant,0.7048978334531266,0.8369832363052904,0.7048978334531266,0.7316861212541552,14206473,19478,1093
HIX,irrelevant,0.9029304029304029,0.5644254787676936,0.9029304029304029,0.6946330216472396,1512380,6006,1
MV,overall,0.7272805879809771,0.7053554560663395,0.7272805879809771,0.7020046406249952,180901266,11565,930
MV,relevant,0.4698205546492659,0.5474985397284032,0.4698205546492659,0.4733712836523318,152008411,4291,929
MV,irrelevant,0.8791586472367335,0.7984767136970907,0.8791586472367335,0.8368775763920696,28892855,7274,1
