ehr_name,relevance,accuracy,precision,recall,f1,num_records,support,group_count
EPIC,overall,0.006709801102324467,0.04402387817548859,0.006709801102324467,0.00800618132210192,12443713,12519,1015
EPIC,relevant,0.013820853743876836,0.03311288116712423,0.013820853743876836,0.015809250369571336,4533141,5716,1014
EPIC,irrelevant,0.0007349698662354843,0.05319148936170213,0.0007349698662354843,0.0014499057561258518,7910572,6803,1
HIX,overall,0.0060252395862985106,0.054955422094992,0.0060252395862985106,0.008020629087151501,14721159,21078,1090
HIX,relevant,0.00645641917059846,0.047524988670377064,0.00645641917059846,0.007797566618828543,13326130,16108,1089
HIX,irrelevant,0.004627766599597585,0.07903780068728522,0.004627766599597585,0.008743584869796617,1395029,4970,1
MV,overall,0.007588458484073061,0.08608911298303798,0.007588458484073061,0.008386945197583148,179377275,11333,929
MV,relevant,0.017346460384435068,0.027904795318965968,0.017346460384435068,0.016732493120312747,150575796,4266,928
MV,irrelevant,0.0016980331116456771,0.12121212121212122,0.0016980331116456771,0.003349148758024002,28801479,7067,1
